player_id,name,old_price,new_price,change,changed_at
2044,Crysencio Summerville,,5.3,0.0,2026-05-29T16:49:14.638365+00:00
2043,Memphis Depay,,7.4,0.0,2026-05-29T16:49:14.638365+00:00
2042,Justin Kluivert,,6.5,0.0,2026-05-29T16:49:14.638365+00:00
2041,Marten de Roon,,5.1,0.0,2026-05-29T16:49:14.638365+00:00
2040,Frenkie de Jong,,7.0,0.0,2026-05-29T16:49:14.638365+00:00
2039,Mats Wieffer,,4.8,0.0,2026-05-29T16:49:14.638365+00:00
2038,Guus Til,,4.9,0.0,2026-05-29T16:49:14.638365+00:00
2037,Jurriën Timber,,5.2,0.0,2026-05-29T16:49:14.638365+00:00
2036,Robin Roefs,,4.6,0.0,2026-05-29T16:49:14.638365+00:00
2035,Álex Zendejas,,5.5,0.0,2026-05-27T18:49:27.873457+00:00
2034,Haji Wright,,5.3,0.0,2026-05-27T18:49:27.873457+00:00
2033,Tyler Adams,,5.3,0.0,2026-05-27T18:49:27.873457+00:00
2032,Miles Robinson,,4.0,0.0,2026-05-27T18:49:27.873457+00:00
2031,Sergiño Dest,,4.3,0.0,2026-05-27T18:49:27.873457+00:00
2030,Tomás Rodríguez,,4.5,0.0,2026-05-27T18:49:27.873457+00:00
2029,Azarías Londoño,,4.4,0.0,2026-05-27T18:49:27.873457+00:00
2028,Alberto Quintero,,4.2,0.0,2026-05-27T18:49:27.873457+00:00
2027,Edgardo Fariña,,3.9,0.0,2026-05-27T18:49:27.873457+00:00
2026,Fidel Escobar,,3.8,0.0,2026-05-27T18:49:27.873457+00:00
2025,Chemsdine Talbi,,4.4,0.0,2026-05-27T18:49:27.873457+00:00
2024,Abde Ezzalzouli,,5.3,0.0,2026-05-27T18:49:27.873457+00:00
2023,Soufiane Rahimi,,5.6,0.0,2026-05-27T18:49:27.873457+00:00
2022,Bilal El Khannouss,,6.2,0.0,2026-05-27T18:49:27.873457+00:00
2021,Azzedine Ounahi,,6.2,0.0,2026-05-27T18:49:27.873457+00:00
2020,Brahim Díaz,,6.4,0.0,2026-05-27T18:49:27.873457+00:00
2019,Neil El Aynaoui,,5.6,0.0,2026-05-27T18:49:27.873457+00:00
2018,Sofyan Amrabat,,5.9,0.0,2026-05-27T18:49:27.873457+00:00
2017,Zakaria El Ouahdi,,4.1,0.0,2026-05-27T18:49:27.873457+00:00
2016,Issa Diop,,4.5,0.0,2026-05-27T18:49:27.873457+00:00
2015,Redouane Halhal,,3.5,0.0,2026-05-27T18:49:27.873457+00:00
2014,Noussair Mazraoui,,4.4,0.0,2026-05-27T18:49:27.873457+00:00
2013,Chadi Riad,,3.9,0.0,2026-05-27T18:49:27.873457+00:00
2012,Achraf Hakimi,,6.0,0.0,2026-05-27T18:49:27.873457+00:00
2011,Nayef Aguerd,,4.3,0.0,2026-05-27T18:49:27.873457+00:00
2010,Yassine Bounou,,4.7,0.0,2026-05-27T18:49:27.873457+00:00
2009,Ahmed Tagnaouti,,3.5,0.0,2026-05-27T18:49:27.873457+00:00
2008,Brandon Borrello,,4.4,0.0,2026-05-27T18:49:27.873457+00:00
2007,Tete Yengi,,4.3,0.0,2026-05-27T18:49:27.873457+00:00
2006,Mohamed Touré,,5.0,0.0,2026-05-27T18:49:27.873457+00:00
2005,Mathew Leckie,,4.7,0.0,2026-05-27T18:49:27.873457+00:00
2004,Jackson Irvine,,5.6,0.0,2026-05-27T18:49:27.873457+00:00
2003,Cameron Devlin,,4.7,0.0,2026-05-27T18:49:27.873457+00:00
2002,Harry Souttar,,4.1,0.0,2026-05-27T18:49:27.873457+00:00
2001,Joe Gauci,,3.9,0.0,2026-05-27T18:49:27.873457+00:00
2000,Nico Williams,,7.8,0.0,2026-05-27T10:27:41.928730+00:00
1999,Gavi,,6.5,0.0,2026-05-27T10:27:41.928730+00:00
1998,Fabián Ruiz,,6.8,0.0,2026-05-27T10:27:41.928730+00:00
1997,Mikel Merino,,6.2,0.0,2026-05-27T10:27:41.928730+00:00
1996,Marc Pubill,,4.2,0.0,2026-05-27T10:27:41.928730+00:00
1995,Eric García,,4.5,0.0,2026-05-27T10:27:41.928730+00:00
1994,Kamaldeen Sulemana,,5.1,0.0,2026-05-27T10:27:41.928730+00:00
1993,Brandon Thomas-Asante,,5.1,0.0,2026-05-27T10:27:41.928730+00:00
1992,Antoine Semenyo,,7.2,0.0,2026-05-27T10:27:41.928730+00:00
1991,Christopher Bonsu Baah,,4.5,0.0,2026-05-27T10:27:41.928730+00:00
1990,Abdul Fatawu,,6.4,0.0,2026-05-27T10:27:41.928730+00:00
1989,Prince Adu,,4.0,0.0,2026-05-27T10:27:41.928730+00:00
1988,Ernest Nuamah,,5.0,0.0,2026-05-27T10:27:41.928730+00:00
1987,Iñaki Williams,,5.9,0.0,2026-05-27T10:27:41.928730+00:00
1986,Jordan Ayew,,5.3,0.0,2026-05-27T10:27:41.928730+00:00
1985,Kwasi Sibo,,4.7,0.0,2026-05-27T10:27:41.928730+00:00
1984,Elisha Owusu,,5.3,0.0,2026-05-27T10:27:41.928730+00:00
1983,Thomas Partey,,6.2,0.0,2026-05-27T10:27:41.928730+00:00
1982,Caleb Yirenkyi,,4.7,0.0,2026-05-27T10:27:41.928730+00:00
1981,Gideon Mensah,,3.9,0.0,2026-05-27T10:27:41.928730+00:00
1980,Jerome Opoku,,3.8,0.0,2026-05-27T10:27:41.928730+00:00
1979,Marvin Senaya,,3.5,0.0,2026-05-27T10:27:41.928730+00:00
1978,Alexander Djiku,,4.0,0.0,2026-05-27T10:27:41.928730+00:00
1977,Abdul Mumin,,3.7,0.0,2026-05-27T10:27:41.928730+00:00
1976,Jonas Adjetey,,3.5,0.0,2026-05-27T10:27:41.928730+00:00
1975,Kojo Peprah Oppong,,3.5,0.0,2026-05-27T10:27:41.928730+00:00
1974,Alidu Seidu,,3.9,0.0,2026-05-27T10:27:41.928730+00:00
1973,Abdul Baba,,3.9,0.0,2026-05-27T10:27:41.928730+00:00
1972,Joseph Anang,,3.6,0.0,2026-05-27T10:27:41.928730+00:00
1971,Lawrence Ati Zigi,,4.0,0.0,2026-05-27T10:27:41.928730+00:00
1970,Promise David,,5.4,0.0,2026-05-27T10:27:41.928730+00:00
1969,Jayden Nelson,,5.0,0.0,2026-05-27T10:27:41.928730+00:00
1968,Jacob Shaffelburg,,5.2,0.0,2026-05-27T10:27:41.928730+00:00
1967,Stephen Eustaquio,,5.0,0.0,2026-05-27T10:27:41.928730+00:00
1966,Alfie Jones,,3.8,0.0,2026-05-27T10:27:41.928730+00:00
1965,Jamie Knight-Lebel,,3.7,0.0,2026-05-27T10:27:41.928730+00:00
1964,Moïse Bombito,,4.1,0.0,2026-05-27T10:27:41.928730+00:00
1963,Alistair Johnston,,4.0,0.0,2026-05-27T10:27:41.928730+00:00
1962,Zorhan Bassong,,3.7,0.0,2026-05-27T10:27:41.928730+00:00
1961,Alphonso Davies,,4.9,0.0,2026-05-27T10:27:41.928730+00:00
1960,Abdullah Al Salem,,5.0,0.0,2026-05-27T10:27:41.928730+00:00
1959,Saleh Abu Al Shamat,,5.3,0.0,2026-05-27T10:27:41.928730+00:00
1958,Mohammed Abu Al Shamat,,5.5,0.0,2026-05-27T10:27:41.928730+00:00
1957,Nasser Al Dawsari,,5.2,0.0,2026-05-27T10:27:41.928730+00:00
1956,Alaa Al Hejji,,5.0,0.0,2026-05-27T10:27:41.928730+00:00
1955,Salem Al Dawsari,,7.2,0.0,2026-05-27T10:27:41.928730+00:00
1954,Moteb Al Harbi,,4.1,0.0,2026-05-27T10:27:41.928730+00:00
1953,Jehad Thikri,,4.0,0.0,2026-05-27T10:27:41.928730+00:00
1952,Zakaria Hawsawi,,4.0,0.0,2026-05-27T10:27:41.928730+00:00
1951,Hassan Al Tambakti,,4.5,0.0,2026-05-27T10:27:41.928730+00:00
1950,Abdulquddus Atiah,,4.0,0.0,2026-05-27T10:27:41.928730+00:00
1947,Nilson Angulo,,6.0,0.0,2026-05-27T10:27:41.928730+00:00
1946,Luis Fragozo,,5.0,0.0,2026-05-27T10:27:41.928730+00:00
1945,Bruno Caicedo,,5.2,0.0,2026-05-27T10:27:41.928730+00:00
1944,Malcom DaCosta,,3.8,0.0,2026-05-27T10:27:41.928730+00:00
1943,Darwin Guagua,,4.8,0.0,2026-05-27T10:27:41.928730+00:00
1942,Ederson Castillo,,4.2,0.0,2026-05-27T10:27:41.928730+00:00
1941,Fricio Caicedo,,4.0,0.0,2026-05-27T10:27:41.928730+00:00
1940,Deinner Ordóñez,,4.1,0.0,2026-05-27T10:27:41.928730+00:00
1939,Cristhian Loor,,4.0,0.0,2026-05-27T10:27:41.928730+00:00
1714,Sondre Langås,,4.0,0.0,2026-05-27T10:27:41.928730+00:00
1713,Amine Sbaï,,4.8,0.0,2026-05-27T10:27:41.928730+00:00
1712,Ivan Toney,,7.5,0.0,2026-05-27T10:27:41.928730+00:00
1711,Ollie Watkins,,7.9,0.0,2026-05-27T10:27:41.928730+00:00
1710,Eberechi Eze,,8.0,0.0,2026-05-27T10:27:41.928730+00:00
1709,Reece James,,5.2,0.0,2026-05-27T10:27:41.928730+00:00
1708,Jarell Quansah,,4.4,0.0,2026-05-27T10:27:41.928730+00:00
1707,Iqraam Rayners,,5.3,0.0,2026-05-27T10:27:41.928730+00:00
1706,Brooklyn Poggenpoel,,4.3,0.0,2026-05-27T10:27:41.928730+00:00
1705,Patrick Maswanganyi,,5.9,0.0,2026-05-27T10:27:41.928730+00:00
1704,Kamogelo Sebelebele,,4.5,0.0,2026-05-27T10:27:41.928730+00:00
1703,Lebohang Maboe,,5.1,0.0,2026-05-27T10:27:41.928730+00:00
1702,Thapelo Morena,,3.8,0.0,2026-05-27T10:27:41.928730+00:00
1701,Bradley Cross,,3.6,0.0,2026-05-27T10:27:41.928730+00:00
1700,Olwethu Makhanya,,3.5,0.0,2026-05-27T10:27:41.928730+00:00
1699,Thabiso Monyane,,3.6,0.0,2026-05-27T10:27:41.928730+00:00
1698,Sipho Chaine,,3.7,0.0,2026-05-27T10:27:41.928730+00:00
1697,Brandon Petersen,,3.6,0.0,2026-05-27T10:27:41.928730+00:00
1696,Sadio Mané,,7.6,0.0,2026-05-27T10:27:41.928730+00:00
1695,Bara Sapoko Ndiaye,,4.5,0.0,2026-05-27T10:27:41.928730+00:00
1694,Moustapha Mbow,,3.7,0.0,2026-05-27T10:27:41.928730+00:00
1693,Ilay Camara,,3.8,0.0,2026-05-27T10:27:41.928730+00:00
1692,Robert Morales,,5.3,0.0,2026-05-27T10:27:41.928730+00:00
1691,Ronaldo Martínez,,5.0,0.0,2026-05-27T10:27:41.928730+00:00
1690,Adam Bareiro,,5.7,0.0,2026-05-27T10:27:41.928730+00:00
1689,Adrián Alcaraz,,4.5,0.0,2026-05-27T10:27:41.928730+00:00
1688,Isidro Pitta,,5.9,0.0,2026-05-27T10:27:41.928730+00:00
1687,Carlos González,,5.7,0.0,2026-05-27T10:27:41.928730+00:00
1686,Rubén Lezcano,,5.0,0.0,2026-05-27T10:27:41.928730+00:00
1685,Lorenzo Melgarejo,,5.5,0.0,2026-05-27T10:27:41.928730+00:00
1684,Martin Ødegaard,,7.7,0.0,2026-05-27T10:27:41.928730+00:00
1683,Fredrik Aursnes,,6.5,0.0,2026-05-27T10:27:41.928730+00:00
1682,Thelo Aasgaard,,5.5,0.0,2026-05-27T10:27:41.928730+00:00
1681,Sander Tangvik,,3.5,0.0,2026-05-27T10:27:41.928730+00:00
1680,Yanis Begraoui,,5.0,0.0,2026-05-27T10:27:41.928730+00:00
1679,Tawfik Bentayeb,,4.7,0.0,2026-05-27T10:27:41.928730+00:00
1678,Othmane Maamma,,4.7,0.0,2026-05-27T10:27:41.928730+00:00
1677,Soufiane Benjdida,,4.7,0.0,2026-05-27T10:27:41.928730+00:00
1676,Ayoube Amaimouni-Echghouyab,,4.3,0.0,2026-05-27T10:27:41.928730+00:00
1675,Marwane Saadane,,4.7,0.0,2026-05-27T10:27:41.928730+00:00
1674,Ayyoub Bouaddi,,5.5,0.0,2026-05-27T10:27:41.928730+00:00
1673,Soufiane El-Faouzi,,4.9,0.0,2026-05-27T10:27:41.928730+00:00
1672,Imrân Louza,,5.7,0.0,2026-05-27T10:27:41.928730+00:00
1671,Sofiane Boufal,,6.3,0.0,2026-05-27T10:27:41.928730+00:00
1670,Mohamed Chibi,,3.8,0.0,2026-05-27T10:27:41.928730+00:00
1669,Soufiane Bouftini,,4.0,0.0,2026-05-27T10:27:41.928730+00:00
1668,Youssef Belammari,,3.6,0.0,2026-05-27T10:27:41.928730+00:00
1667,Yanis Benchaouch,,3.5,0.0,2026-05-27T10:27:41.928730+00:00
1666,Ibrahim Gomis,,3.5,0.0,2026-05-27T10:27:41.928730+00:00
1665,Munir El Kajoui,,4.0,0.0,2026-05-27T10:27:41.928730+00:00
1621,Diego González,,5.0,0.0,2026-05-27T10:27:41.928730+00:00
1620,Enso González,,5.0,0.0,2026-05-27T10:27:41.928730+00:00
1619,Rodney Redes,,4.8,0.0,2026-05-27T10:27:41.928730+00:00
1618,Ángel Romero,,4.9,0.0,2026-05-27T10:27:41.928730+00:00
1617,Álvaro Campuzano,,4.6,0.0,2026-05-27T10:27:41.928730+00:00
1616,Andrés Cubas,,4.7,0.0,2026-05-27T10:27:41.928730+00:00
1615,Hugo Cuenca,,4.8,0.0,2026-05-27T10:27:41.928730+00:00
1614,Mathías Villasanti,,4.6,0.0,2026-05-27T10:27:41.928730+00:00
1613,Óscar Romero,,4.6,0.0,2026-05-27T10:27:41.928730+00:00
1612,Robert Piris Da Motta,,4.7,0.0,2026-05-27T10:27:41.928730+00:00
1611,Mateo Gamarra,,3.9,0.0,2026-05-27T10:27:41.928730+00:00
1610,Ronaldo Dejesús,,3.8,0.0,2026-05-27T10:27:41.928730+00:00
1609,Maya Yoshida,,3.7,0.0,2026-05-27T10:27:41.928730+00:00
1604,Maximilian Beier,,6.5,0.0,2026-05-27T10:27:41.928730+00:00
1603,Jamie Leweling,,6.4,0.0,2026-05-27T10:27:41.928730+00:00
1602,Aleksandar Pavlovic,,5.5,0.0,2026-05-27T10:27:41.928730+00:00
1601,Felix Nmecha,,5.6,0.0,2026-05-27T10:27:41.928730+00:00
1600,Jamal Musiala,,8.0,0.0,2026-05-27T10:27:41.928730+00:00
1599,Nadiem Amiri,,6.3,0.0,2026-05-27T10:27:41.928730+00:00
1598,Manuel Neuer,,5.0,0.0,2026-05-27T10:27:41.928730+00:00
1597,Mohamed Salah,,10.0,0.0,2026-05-27T10:27:41.928730+00:00
1596,Hamza Abdelkarim,,4.3,0.0,2026-05-27T10:27:41.928730+00:00
1595,Aqtay Abdallah,,4.3,0.0,2026-05-27T10:27:41.928730+00:00
1594,Mostafa Zico,,4.2,0.0,2026-05-27T10:27:41.928730+00:00
1593,Nabil Emad Dunga,,4.3,0.0,2026-05-27T10:27:41.928730+00:00
1592,Karim Hafez,,3.9,0.0,2026-05-27T10:27:41.928730+00:00
1591,Aaron Tshibola,,4.9,0.0,2026-05-27T10:27:41.928730+00:00
1590,Yusuf Sari,,5.0,0.0,2026-05-27T10:27:41.928730+00:00
1589,Can Uzun,,5.3,0.0,2026-05-27T10:27:41.928730+00:00
1588,Demir Ege Tiknaz,,4.4,0.0,2026-05-27T10:27:41.928730+00:00
1587,Aral Simsir,,4.7,0.0,2026-05-27T10:27:41.928730+00:00
1586,Çaglar Söyüncü,,4.4,0.0,2026-05-27T10:27:41.928730+00:00
1585,Yusuf Akçiçek,,4.0,0.0,2026-05-27T10:27:41.928730+00:00
1584,Ersin Destanoglu,,4.0,0.0,2026-05-27T10:27:41.928730+00:00
1583,Cedric Itten,,5.4,0.0,2026-05-27T10:27:41.928730+00:00
1582,Zeki Amdouni,,4.9,0.0,2026-05-27T10:27:41.928730+00:00
1581,Christian Fassnacht,,6.1,0.0,2026-05-27T10:27:41.928730+00:00
1580,Lawrence Shankland,,5.5,0.0,2026-05-27T10:27:41.928730+00:00
1579,Ross Stewart,,5.4,0.0,2026-05-27T10:27:41.928730+00:00
1578,Ben Gannon-Doak,,4.9,0.0,2026-05-27T10:27:41.928730+00:00
1577,Aaron Hickey,,4.3,0.0,2026-05-27T10:27:41.928730+00:00
1576,Craig Gordon,,3.5,0.0,2026-05-27T10:27:41.928730+00:00
1575,Fahad Younis,,3.7,0.0,2026-05-27T10:27:41.928730+00:00
1574,Rafael Leão,,7.8,0.0,2026-05-27T10:27:41.928730+00:00
1573,Cristiano Ronaldo,,10.0,0.0,2026-05-27T10:27:41.928730+00:00
1572,Bernardo Silva,,7.8,0.0,2026-05-27T10:27:41.928730+00:00
1571,Nélson Semedo,,4.3,0.0,2026-05-27T10:27:41.928730+00:00
1570,Rúben Dias,,5.0,0.0,2026-05-27T10:27:41.928730+00:00
1569,Diogo Costa,,4.9,0.0,2026-05-27T10:27:41.928730+00:00
1568,Ahmed Qasem,,4.4,0.0,2026-05-27T10:27:41.928730+00:00
1567,Jussef Nasrawe,,4.4,0.0,2026-05-27T10:27:41.928730+00:00
1566,Dario Naamo,,3.5,0.0,2026-05-27T10:27:41.928730+00:00
1565,Ahmed Yahya,,3.6,0.0,2026-05-27T10:27:41.928730+00:00
1564,Mustafa Saadoon,,3.6,0.0,2026-05-27T10:27:41.928730+00:00
1563,Jalal Hassan,,3.9,0.0,2026-05-27T10:27:41.928730+00:00
1562,Kasra Taheri,,4.7,0.0,2026-05-27T10:27:41.928730+00:00
1561,Roozbeh Cheshmi,,4.8,0.0,2026-05-27T10:27:41.928730+00:00
1560,Jürgen Locadia,,4.1,0.0,2026-05-27T10:27:41.928730+00:00
1559,Deveron Fonville,,3.7,0.0,2026-05-27T10:27:41.928730+00:00
1558,Armando Obispo,,3.7,0.0,2026-05-27T10:27:41.928730+00:00
1557,Gaël Kakuta,,4.6,0.0,2026-05-27T10:27:41.928730+00:00
1556,Gédéon Kalulu,,3.9,0.0,2026-05-27T10:27:41.928730+00:00
1555,Hannibal Mejbri,,4.8,0.0,2026-05-27T10:27:41.928730+00:00
1554,Elias Achouri,,4.8,0.0,2026-05-27T10:27:41.928730+00:00
1553,Yan Valery,,3.9,0.0,2026-05-27T10:27:41.928730+00:00
1552,Dylan Bronn,,3.6,0.0,2026-05-27T10:27:41.928730+00:00
1551,Montassar Talbi,,3.9,0.0,2026-05-27T10:27:41.928730+00:00
1550,Lee Dong-Gyeong,,4.9,0.0,2026-05-27T10:27:41.928730+00:00
1549,Hwang In-Beom,,5.8,0.0,2026-05-27T10:27:41.928730+00:00
1548,Lee Gi-Hyuk,,4.5,0.0,2026-05-27T10:27:41.928730+00:00
1547,Ali Olwan,,4.2,0.0,2026-05-27T10:27:41.928730+00:00
1546,Raja'ei Ayed,,4.5,0.0,2026-05-27T10:27:41.928730+00:00
1545,Anas Badawi,,3.5,0.0,2026-05-27T10:27:41.928730+00:00
1544,Saed Al Rosan,,3.5,0.0,2026-05-27T10:27:41.928730+00:00
1543,Ehsan Haddad,,3.5,0.0,2026-05-27T10:27:41.928730+00:00
1542,Ahmad Al Juaidi,,3.6,0.0,2026-05-27T10:27:41.928730+00:00
1541,Nour Bani Ateyah,,3.6,0.0,2026-05-27T10:27:41.928730+00:00
1540,Lenny Joseph,,4.2,0.0,2026-05-27T10:27:41.928730+00:00
1539,Dominique Simon,,4.3,0.0,2026-05-27T10:27:41.928730+00:00
1538,Keeto Thermoncy,,3.5,0.0,2026-05-27T10:27:41.928730+00:00
1537,Mateo Kovacic,,6.0,0.0,2026-05-27T10:27:41.928730+00:00
1536,Josko Gvardiol,,5.0,0.0,2026-05-27T10:27:41.928730+00:00
1535,Dominik Kotarski,,4.4,0.0,2026-05-27T10:27:41.928730+00:00
1534,Ange-Yoan Bonny,,4.9,0.0,2026-05-27T10:27:41.928730+00:00
1533,Oumar Diakité,,5.3,0.0,2026-05-27T10:27:41.928730+00:00
1532,Gilson Benchimol,,5.0,0.0,2026-05-27T10:27:41.928730+00:00
1531,Hélio Varela,,4.9,0.0,2026-05-27T10:27:41.928730+00:00
1530,Jamiro Monteiro,,4.6,0.0,2026-05-27T10:27:41.928730+00:00
1529,Logan Costa,,3.5,0.0,2026-05-27T10:27:41.928730+00:00
1528,Stopira,,3.5,0.0,2026-05-27T10:27:41.928730+00:00
1527,Diego Moreira,,4.7,0.0,2026-05-27T10:27:41.928730+00:00
1526,Leandro Trossard,,6.6,0.0,2026-05-27T10:27:41.928730+00:00
1525,Matias Fernandez-Pardo,,5.6,0.0,2026-05-27T10:27:41.928730+00:00
1524,Hans Vanaken,,5.5,0.0,2026-05-27T10:27:41.928730+00:00
1523,Mike Penders,,3.5,0.0,2026-05-27T10:27:41.928730+00:00
1522,Thibaut Courtois,,4.9,0.0,2026-05-27T10:27:41.928730+00:00
1521,Alexander Bernhardsson,,4.9,0.0,2026-05-27T10:27:41.928730+00:00
1520,Alexander Isak,,8.0,0.0,2026-05-27T10:27:41.928730+00:00
1519,Ken Sema,,6.0,0.0,2026-05-27T10:27:41.928730+00:00
1518,Isak Hien,,4.1,0.0,2026-05-27T10:27:41.928730+00:00
1517,Emil Holm,,4.1,0.0,2026-05-27T10:27:41.928730+00:00
1516,Hjalmar Ekdal,,3.7,0.0,2026-05-27T10:27:41.928730+00:00
1515,Jacob Widell Zetterström,,3.7,0.0,2026-05-27T10:27:41.928730+00:00
1514,Viktor Johansson,,3.9,0.0,2026-05-27T10:27:41.928730+00:00
1513,Tahsin Jamshid,,4.5,0.0,2026-05-27T10:27:41.928730+00:00
1512,Sebastián Soria,,5.1,0.0,2026-05-27T10:27:41.928730+00:00
1511,Mohammed Muntari,,5.3,0.0,2026-05-27T10:27:41.928730+00:00
1510,Ahmed Alaa,,5.5,0.0,2026-05-27T10:27:41.928730+00:00
1509,Jassem Gaber,,5.0,0.0,2026-05-27T10:27:41.928730+00:00
1508,Abdulaziz Hatem,,5.3,0.0,2026-05-27T10:27:41.928730+00:00
1507,Sultan Al Brake,,3.7,0.0,2026-05-27T10:27:41.928730+00:00
1506,Homam El Amin,,3.6,0.0,2026-05-27T10:27:41.928730+00:00
1505,Rayyan Al Ali,,3.5,0.0,2026-05-27T10:27:41.928730+00:00
1504,Tarek Salman,,3.7,0.0,2026-05-27T10:27:41.928730+00:00
1503,Diego León,,3.5,0.0,2026-05-27T10:27:41.928730+00:00
1502,Saúl Salcedo,,3.7,0.0,2026-05-27T10:27:41.928730+00:00
1501,Alan Núñez,,3.5,0.0,2026-05-27T10:27:41.928730+00:00
1500,Agustín Sández,,3.7,0.0,2026-05-27T10:27:41.928730+00:00
1499,Alcides Benítez,,3.5,0.0,2026-05-27T10:27:41.928730+00:00
1498,Blás Riveros,,3.9,0.0,2026-05-27T10:27:41.928730+00:00
1497,Santiago Rojas,,3.5,0.0,2026-05-27T10:27:41.928730+00:00
1496,Carlos Coronel,,4.1,0.0,2026-05-27T10:27:41.928730+00:00
1495,Juan Espínola,,3.5,0.0,2026-05-27T10:27:41.928730+00:00
1494,Sarpreet Singh,,5.3,0.0,2026-05-27T10:27:41.928730+00:00
1493,Chris Wood,,6.5,0.0,2026-05-27T10:27:41.928730+00:00
1492,Matthew Garbett,,5.0,0.0,2026-05-27T10:27:41.928730+00:00
1491,Tommy Smith,,3.6,0.0,2026-05-27T10:27:41.928730+00:00
1490,Nando Pijnaker,,3.7,0.0,2026-05-27T10:27:41.928730+00:00
1489,Liberato Cacace,,4.1,0.0,2026-05-27T10:27:41.928730+00:00
1488,Michael Boxall,,3.7,0.0,2026-05-27T10:27:41.928730+00:00
1486,Jorge Ruvalcaba,,4.9,0.0,2026-05-27T10:27:41.928730+00:00
1485,Santiago Giménez,,6.8,0.0,2026-05-27T10:27:41.928730+00:00
1484,Efraín Álvarez,,5.5,0.0,2026-05-27T10:27:41.928730+00:00
1483,Alexéi Domínguez,,4.5,0.0,2026-05-27T10:27:41.928730+00:00
1482,Jeremy Márquez,,4.7,0.0,2026-05-27T10:27:41.928730+00:00
1481,Alexis Gutiérrez,,4.9,0.0,2026-05-27T10:27:41.928730+00:00
1480,Kevin Castañeda,,4.9,0.0,2026-05-27T10:27:41.928730+00:00
1479,Elías Montiel,,4.5,0.0,2026-05-27T10:27:41.928730+00:00
1478,Luis Romo,,5.5,0.0,2026-05-27T10:27:41.928730+00:00
1477,Luis Chávez,,6.3,0.0,2026-05-27T10:27:41.928730+00:00
1476,Gilberto Mora,,4.5,0.0,2026-05-27T10:27:41.928730+00:00
1475,Jesús Angulo,,5.3,0.0,2026-05-27T10:27:41.928730+00:00
1474,Edson Álvarez,,6.0,0.0,2026-05-27T10:27:41.928730+00:00
1473,César Huerta,,6.3,0.0,2026-05-27T10:27:41.928730+00:00
1472,Diego Lainez,,5.9,0.0,2026-05-27T10:27:41.928730+00:00
1471,Jordán Carrillo,,5.1,0.0,2026-05-27T10:27:41.928730+00:00
1470,Marcel Ruiz,,5.9,0.0,2026-05-27T10:27:41.928730+00:00
1468,Víctor Guzmán,,3.6,0.0,2026-05-27T10:27:41.928730+00:00
1467,Bryan González,,3.5,0.0,2026-05-27T10:27:41.928730+00:00
1465,Mateo Chávez,,3.5,0.0,2026-05-27T10:27:41.928730+00:00
1464,Ramón Juárez,,3.6,0.0,2026-05-27T10:27:41.928730+00:00
1463,Alejandro Gómez,,3.5,0.0,2026-05-27T10:27:41.928730+00:00
1462,Julián Araujo,,4.0,0.0,2026-05-27T10:27:41.928730+00:00
1461,Álex Padilla,,3.5,0.0,2026-05-27T10:27:41.928730+00:00
1460,Carlos Moreno,,3.6,0.0,2026-05-27T10:27:41.928730+00:00
1459,Antonio Rodríguez,,3.7,0.0,2026-05-27T10:27:41.928730+00:00
1458,Takefusa Kubo,,7.0,0.0,2026-05-27T10:27:41.928730+00:00
1457,Wataru Endo,,6.0,0.0,2026-05-27T10:27:41.928730+00:00
1456,Yuto Nagatomo,,3.7,0.0,2026-05-27T10:27:41.928730+00:00
1455,Takehiro Tomiyasu,,4.9,0.0,2026-05-27T10:27:41.928730+00:00
1454,Ko Itakura,,4.5,0.0,2026-05-27T10:27:41.928730+00:00
1445,Augustine Boakye,,4.9,0.0,2026-05-27T10:27:41.928730+00:00
1434,Solomon Agbasi,,3.5,0.0,2026-05-27T10:27:41.928730+00:00
1433,Paul Reverson,,3.5,0.0,2026-05-27T10:27:41.928730+00:00
1432,Jean-Philippe Mateta,,6.5,0.0,2026-05-27T10:27:41.928730+00:00
1431,Bradley Barcola,,8.0,0.0,2026-05-27T10:27:41.928730+00:00
1430,Jules Koundé,,5.4,0.0,2026-05-27T10:27:41.928730+00:00
1429,William Saliba,,5.3,0.0,2026-05-27T10:27:41.928730+00:00
1428,Robin Risser,,3.5,0.0,2026-05-27T10:27:41.928730+00:00
1427,Adam Hlozek,,6.5,0.0,2026-05-27T10:27:41.928730+00:00
1425,Jan Kuchta,,5.5,0.0,2026-05-27T10:27:41.928730+00:00
1423,Christophe Kabongo,,4.5,0.0,2026-05-27T10:27:41.928730+00:00
1417,Hugo Sochurek,,4.3,0.0,2026-05-27T10:27:41.928730+00:00
1413,David Doudera,,5.1,0.0,2026-05-27T10:27:41.928730+00:00
1411,Alexandr Sojka,,4.5,0.0,2026-05-27T10:27:41.928730+00:00
1405,David Zima,,3.9,0.0,2026-05-27T10:27:41.928730+00:00
1400,Jindrich Stanek,,4.0,0.0,2026-05-27T10:27:41.928730+00:00
1396,Cucho Hernández,,6.3,0.0,2026-05-27T10:27:41.928730+00:00
1385,Juan Portilla,,4.7,0.0,2026-05-27T10:27:41.928730+00:00
1379,Willer Ditta,,3.7,0.0,2026-05-27T10:27:41.928730+00:00
1374,Yerry Mina,,4.2,0.0,2026-05-27T10:27:41.928730+00:00
1369,Neymar,,7.2,0.0,2026-05-27T10:27:41.928730+00:00
1366,Raphinha,,8.2,0.0,2026-05-27T10:27:41.928730+00:00
1361,Bruno Guimarães,,6.8,0.0,2026-05-27T10:27:41.928730+00:00
1346,Wesley,,4.5,0.0,2026-05-27T10:27:41.928730+00:00
1345,Alex Sandro,,4.5,0.0,2026-05-27T10:27:41.928730+00:00
1343,Weverton,,4.5,0.0,2026-05-27T10:27:41.928730+00:00
1342,Ermin Mahmic,,4.2,0.0,2026-05-27T10:27:41.928730+00:00
1341,Dennis Hadzikadunic,,3.7,0.0,2026-05-27T10:27:41.928730+00:00
1340,Santiago Castro,,6.0,0.0,2026-05-27T10:27:41.928730+00:00
1339,Mateo Pellegrino,,5.0,0.0,2026-05-27T10:27:41.928730+00:00
1338,Lautaro Martínez,,8.8,0.0,2026-05-27T10:27:41.928730+00:00
1337,Milton Delgado,,4.2,0.0,2026-05-27T10:27:41.928730+00:00
1336,Nicolás Capaldo,,5.0,0.0,2026-05-27T10:27:41.928730+00:00
1335,Matías Soulé,,6.2,0.0,2026-05-27T10:27:41.928730+00:00
1334,Claudio Echeverri,,5.5,0.0,2026-05-27T10:27:41.928730+00:00
1333,Nicolás Domínguez,,5.0,0.0,2026-05-27T10:27:41.928730+00:00
1332,Tomás Aranda,,4.3,0.0,2026-05-27T10:27:41.928730+00:00
1331,Alan Varela,,5.0,0.0,2026-05-27T10:27:41.928730+00:00
1330,Guido Rodríguez,,5.6,0.0,2026-05-27T10:27:41.928730+00:00
1329,Equi Fernández,,5.0,0.0,2026-05-27T10:27:41.928730+00:00
1328,Aníbal Moreno,,5.0,0.0,2026-05-27T10:27:41.928730+00:00
1327,Emiliano Buendía,,6.5,0.0,2026-05-27T10:27:41.928730+00:00
1326,Giovani Lo Celso,,6.2,0.0,2026-05-27T10:27:41.928730+00:00
1325,Leonardo Balerdi,,4.0,0.0,2026-05-27T10:27:41.928730+00:00
1324,Kevin Mac Allister,,3.8,0.0,2026-05-27T10:27:41.928730+00:00
1323,Gonzalo Montiel,,4.3,0.0,2026-05-27T10:27:41.928730+00:00
1322,Lautaro Di Lollo,,3.5,0.0,2026-05-27T10:27:41.928730+00:00
1321,Zaid Romero,,3.5,0.0,2026-05-27T10:27:41.928730+00:00
1320,Facundo Medina,,4.0,0.0,2026-05-27T10:27:41.928730+00:00
1319,Germán Pezzella,,4.2,0.0,2026-05-27T10:27:41.928730+00:00
1318,Lisandro Martínez,,4.6,0.0,2026-05-27T10:27:41.928730+00:00
1317,Santiago Beltrán,,4.0,0.0,2026-05-27T10:27:41.928730+00:00
1316,Walter Benítez,,4.5,0.0,2026-05-27T10:27:41.928730+00:00
1315,Facundo Cambeses,,4.0,0.0,2026-05-27T10:27:41.928730+00:00
1314,Botirali Ergashev,,3.5,0.0,2026-05-27T10:27:41.928730+00:00
1312,Utkir Yusupov,,3.9,0.0,2026-05-27T10:27:41.928730+00:00
1311,Abduvokhid Ne'matov,,4.0,0.0,2026-05-27T10:27:41.928730+00:00
1310,Azizbek Amanov,,4.9,0.0,2026-05-27T10:27:41.928730+00:00
1308,Sherzod Temirov,,5.1,0.0,2026-05-27T10:27:41.928730+00:00
1307,Igor Sergeev,,6.1,0.0,2026-05-27T10:27:41.928730+00:00
1306,Eldor Shomurodov,,6.5,0.0,2026-05-27T10:27:41.928730+00:00
1305,Jakhongir Urozov,,3.5,0.0,2026-05-27T10:27:41.928730+00:00
1303,Bekhruz Karimov,,3.5,0.0,2026-05-27T10:27:41.928730+00:00
1302,Avazbek O'lmasaliev,,3.5,0.0,2026-05-27T10:27:41.928730+00:00
1300,Umar Eshmurodov,,3.5,0.0,2026-05-27T10:27:41.928730+00:00
1297,Khojiakbar Alijonov,,3.6,0.0,2026-05-27T10:27:41.928730+00:00
1296,Farrukh Sayfiev,,3.6,0.0,2026-05-27T10:27:41.928730+00:00
1295,Sherzod Nasrullaev,,3.7,0.0,2026-05-27T10:27:41.928730+00:00
1294,Rustam Ashurmatov,,3.7,0.0,2026-05-27T10:27:41.928730+00:00
1293,Abdukodir Khusanov,,4.3,0.0,2026-05-27T10:27:41.928730+00:00
1292,Abbosbek Fayzullaev,,6.2,0.0,2026-05-27T10:27:41.928730+00:00
1291,Jaloliddin Masharipov,,6.1,0.0,2026-05-27T10:27:41.928730+00:00
1290,Jamshid Iskanderov,,5.7,0.0,2026-05-27T10:27:41.928730+00:00
1289,Oston Urunov,,5.6,0.0,2026-05-27T10:27:41.928730+00:00
1288,Odiljon Hamrobekov,,5.3,0.0,2026-05-27T10:27:41.928730+00:00
1287,Aziz G'aniev,,5.3,0.0,2026-05-27T10:27:41.928730+00:00
1286,Dostonbek Khamdamov,,5.1,0.0,2026-05-27T10:27:41.928730+00:00
1285,Umarali Rakhmonaliev,,5.1,0.0,2026-05-27T10:27:41.928730+00:00
1284,Otabek Shukurov,,5.0,0.0,2026-05-27T10:27:41.928730+00:00
1282,Akmal Mozgovoy,,4.7,0.0,2026-05-27T10:27:41.928730+00:00
1280,Ruslanbek Jiyanov,,4.7,0.0,2026-05-27T10:27:41.928730+00:00
1279,Jasurbek Jaloliddinov,,4.7,0.0,2026-05-27T10:27:41.928730+00:00
1278,Sherzod Esanov,,4.7,0.0,2026-05-27T10:27:41.928730+00:00
1275,Abdulla Abdullaev,,4.2,0.0,2026-05-27T10:27:41.928730+00:00
1274,Christian Pulisic,,7.0,0.0,2026-05-27T10:27:41.928730+00:00
1273,Chris Brady,,3.5,0.0,2026-05-27T10:27:41.928730+00:00
1272,Patrick Schulte,,3.5,0.0,2026-05-27T10:27:41.928730+00:00
1271,Matt Freese,,4.2,0.0,2026-05-27T10:27:41.928730+00:00
1270,Matt Turner,,4.0,0.0,2026-05-27T10:27:41.928730+00:00
1269,Max Arfsten,,4.4,0.0,2026-05-27T10:27:41.928730+00:00
1268,Patrick Agyemang,,4.9,0.0,2026-05-27T10:27:41.928730+00:00
1267,Folarin Balogun,,6.0,0.0,2026-05-27T10:27:41.928730+00:00
1266,Ricardo Pepi,,5.9,0.0,2026-05-27T10:27:41.928730+00:00
1265,Timothy Weah,,5.8,0.0,2026-05-27T10:27:41.928730+00:00
1264,Alexander Freeman,,4.0,0.0,2026-05-27T10:27:41.928730+00:00
1263,Auston Trusty,,3.9,0.0,2026-05-27T10:27:41.928730+00:00
1262,Mark McKenzie,,3.9,0.0,2026-05-27T10:27:41.928730+00:00
1261,Tim Ream,,3.9,0.0,2026-05-27T10:27:41.928730+00:00
1260,Joe Scally,,4.1,0.0,2026-05-27T10:27:41.928730+00:00
1259,Chris Richards,,4.1,0.0,2026-05-27T10:27:41.928730+00:00
1258,Antonee Robinson,,5.0,0.0,2026-05-27T10:27:41.928730+00:00
1257,Johnny Cardoso,,6.2,0.0,2026-05-27T10:27:41.928730+00:00
1256,Giovanni Reyna,,5.5,0.0,2026-05-27T10:27:41.928730+00:00
1255,Weston McKennie,,6.1,0.0,2026-05-27T10:27:41.928730+00:00
1254,Malik Tillman,,6.1,0.0,2026-05-27T10:27:41.928730+00:00
1253,Brenden Aaronson,,5.7,0.0,2026-05-27T10:27:41.928730+00:00
1252,Aidan Morris,,5.6,0.0,2026-05-27T10:27:41.928730+00:00
1251,Tanner Tessmann,,5.6,0.0,2026-05-27T10:27:41.928730+00:00
1250,Sebastian Berhalter,,4.7,0.0,2026-05-27T10:27:41.928730+00:00
1249,Cristian Roldan,,4.7,0.0,2026-05-27T10:27:41.928730+00:00
1248,Federico Valverde,,7.5,0.0,2026-05-27T10:27:41.928730+00:00
1247,Giorgian de Arrascaeta,,6.5,0.0,2026-05-27T10:27:41.928730+00:00
1246,Santiago Mele,,3.5,0.0,2026-05-27T10:27:41.928730+00:00
1245,Fernando Muslera,,4.1,0.0,2026-05-27T10:27:41.928730+00:00
1244,Sergio Rochet,,4.1,0.0,2026-05-27T10:27:41.928730+00:00
1243,Agustín Álvarez,,5.2,0.0,2026-05-27T10:27:41.928730+00:00
1242,Facundo Martínez,,5.3,0.0,2026-05-27T10:27:41.928730+00:00
1241,Agustín Canobbio,,5.3,0.0,2026-05-27T10:27:41.928730+00:00
1240,Facundo Torres,,5.4,0.0,2026-05-27T10:27:41.928730+00:00
1239,Rodrigo Aguirre,,5.6,0.0,2026-05-27T10:27:41.928730+00:00
1238,Brian Rodríguez,,6.2,0.0,2026-05-27T10:27:41.928730+00:00
1237,Federico Viñas,,5.9,0.0,2026-05-27T10:27:41.928730+00:00
1236,Darwin Núñez,,7.5,0.0,2026-05-27T10:27:41.928730+00:00
1235,Benjamín García,,3.5,0.0,2026-05-27T10:27:41.928730+00:00
1234,Brian Barboza,,3.7,0.0,2026-05-27T10:27:41.928730+00:00
1233,José Rodríguez,,3.9,0.0,2026-05-27T10:27:41.928730+00:00
1232,Santiago Bueno,,4.1,0.0,2026-05-27T10:27:41.928730+00:00
1231,Sebastián Cáceres,,4.2,0.0,2026-05-27T10:27:41.928730+00:00
1230,Guillermo Varela,,4.2,0.0,2026-05-27T10:27:41.928730+00:00
1229,Mathías Olivera,,4.3,0.0,2026-05-27T10:27:41.928730+00:00
1228,Matías Viña,,4.3,0.0,2026-05-27T10:27:41.928730+00:00
1227,José María Giménez,,4.4,0.0,2026-05-27T10:27:41.928730+00:00
1226,Ronald Araujo,,5.0,0.0,2026-05-27T10:27:41.928730+00:00
1225,Nicolás de la Cruz,,5.9,0.0,2026-05-27T10:27:41.928730+00:00
1224,Manuel Ugarte,,5.9,0.0,2026-05-27T10:27:41.928730+00:00
1223,Maxi Araújo,,6.4,0.0,2026-05-27T10:27:41.928730+00:00
1222,Facundo Pellistri,,5.2,0.0,2026-05-27T10:27:41.928730+00:00
1221,Nicolás Fonseca,,5.0,0.0,2026-05-27T10:27:41.928730+00:00
1220,Luciano González,,4.7,0.0,2026-05-27T10:27:41.928730+00:00
1219,Emiliano Martínez,,4.7,0.0,2026-05-27T10:27:41.928730+00:00
1218,Juan Manuel Sanabria,,4.5,0.0,2026-05-27T10:27:41.928730+00:00
1217,Pablo Alcoba,,4.3,0.0,2026-05-27T10:27:41.928730+00:00
1216,Hakan Çalhanoglu,,7.1,0.0,2026-05-27T10:27:41.928730+00:00
1215,Arda Güler,,7.0,0.0,2026-05-27T10:27:41.928730+00:00
1214,Muhammed Sengezer,,3.9,0.0,2026-05-27T10:27:41.928730+00:00
1213,Mert Günok,,4.0,0.0,2026-05-27T10:27:41.928730+00:00
1212,Altay Bayindir,,4.0,0.0,2026-05-27T10:27:41.928730+00:00
1211,Ugurcan Çakir,,4.2,0.0,2026-05-27T10:27:41.928730+00:00
1210,Deniz Gül,,4.4,0.0,2026-05-27T10:27:41.928730+00:00
1209,Yunus Akgün,,4.9,0.0,2026-05-27T10:27:41.928730+00:00
1208,Oguz Aydin,,5.0,0.0,2026-05-27T10:27:41.928730+00:00
1206,Baris Alper Yilmaz,,6.1,0.0,2026-05-27T10:27:41.928730+00:00
1205,Kerem Aktürkoglu,,6.2,0.0,2026-05-27T10:27:41.928730+00:00
1204,Kenan Yildiz,,7.0,0.0,2026-05-27T10:27:41.928730+00:00
1203,Ahmetcan Kaplan,,3.5,0.0,2026-05-27T10:27:41.928730+00:00
1202,Mustafa Eskihellaç,,3.9,0.0,2026-05-27T10:27:41.928730+00:00
1201,Merih Demiral,,4.0,0.0,2026-05-27T10:27:41.928730+00:00
1200,Abdülkerim Bardakci,,4.0,0.0,2026-05-27T10:27:41.928730+00:00
1199,Eren Elmali,,4.0,0.0,2026-05-27T10:27:41.928730+00:00
1198,Ozan Kabak,,4.0,0.0,2026-05-27T10:27:41.928730+00:00
1197,Mert Müldür,,4.1,0.0,2026-05-27T10:27:41.928730+00:00
1196,Samet Akaydin,,4.1,0.0,2026-05-27T10:27:41.928730+00:00
1195,Ferdi Kadioglu,,4.3,0.0,2026-05-27T10:27:41.928730+00:00
1194,Zeki Çelik,,4.3,0.0,2026-05-27T10:27:41.928730+00:00
1193,Kaan Ayhan,,4.5,0.0,2026-05-27T10:27:41.928730+00:00
1192,Orkun Kökçü,,6.0,0.0,2026-05-27T10:27:41.928730+00:00
1191,Irfan Can Kahveci,,5.9,0.0,2026-05-27T10:27:41.928730+00:00
1190,Atakan Karazor,,4.7,0.0,2026-05-27T10:27:41.928730+00:00
1189,Salih Özcan,,4.7,0.0,2026-05-27T10:27:41.928730+00:00
1188,Ismail Yüksek,,4.6,0.0,2026-05-27T10:27:41.928730+00:00
1187,Sabri Ben Hessen,,3.5,0.0,2026-05-27T10:27:41.928730+00:00
1185,Aymen Dahmen,,3.9,0.0,2026-05-27T10:27:41.928730+00:00
1184,Abdelmouhib Chamakh,,4.1,0.0,2026-05-27T10:27:41.928730+00:00
1183,Khalil Ayari,,4.0,0.0,2026-05-27T10:27:41.928730+00:00
1181,Rayan Elloumi,,4.0,0.0,2026-05-27T10:27:41.928730+00:00
1178,Hazem Mastouri,,4.2,0.0,2026-05-27T10:27:41.928730+00:00
1177,Sebastian Tounekti,,4.4,0.0,2026-05-27T10:27:41.928730+00:00
1176,Firas Chaouat,,4.4,0.0,2026-05-27T10:27:41.928730+00:00
1175,Elias Saad,,4.5,0.0,2026-05-27T10:27:41.928730+00:00
1174,Ismaël Gharbi,,4.6,0.0,2026-05-27T10:27:41.928730+00:00
1172,Raed Chikhaoui,,3.5,0.0,2026-05-27T10:27:41.928730+00:00
1170,Mohamed Amine Ben Hmida,,3.6,0.0,2026-05-27T10:27:41.928730+00:00
1169,Adem Arous,,3.6,0.0,2026-05-27T10:27:41.928730+00:00
1167,Omar Rekik,,3.8,0.0,2026-05-27T10:27:41.928730+00:00
1166,Ali Abdi,,4.1,0.0,2026-05-27T10:27:41.928730+00:00
1165,Moutaz Neffati,,4.1,0.0,2026-05-27T10:27:41.928730+00:00
1164,Anis Ben Slimane,,5.3,0.0,2026-05-27T10:27:41.928730+00:00
1163,Mortadha Ben Ouanes,,5.0,0.0,2026-05-27T10:27:41.928730+00:00
1162,Hadj Mahmoud,,4.9,0.0,2026-05-27T10:27:41.928730+00:00
1161,Rani Khedira,,4.7,0.0,2026-05-27T10:27:41.928730+00:00
1160,Ellyes Skhiri,,4.7,0.0,2026-05-27T10:27:41.928730+00:00
1158,Rubén Vargas,,6.8,0.0,2026-05-27T10:27:41.928730+00:00
1157,Denis Zakaria,,6.1,0.0,2026-05-27T10:27:41.928730+00:00
1156,Djibril Sow,,6.1,0.0,2026-05-27T10:27:41.928730+00:00
1155,Marvin Keller,,3.7,0.0,2026-05-27T10:27:41.928730+00:00
1154,Yvon Mvogo,,4.2,0.0,2026-05-27T10:27:41.928730+00:00
1153,Gregor Kobel,,4.7,0.0,2026-05-27T10:27:41.928730+00:00
1151,Dan Ndoye,,6.8,0.0,2026-05-27T10:27:41.928730+00:00
1150,Noah Okafor,,5.9,0.0,2026-05-27T10:27:41.928730+00:00
1149,Breel Embolo,,7.5,0.0,2026-05-27T10:27:41.928730+00:00
1148,Luca Jaquez,,3.5,0.0,2026-05-27T10:27:41.928730+00:00
1147,Aurèle Amenda,,3.7,0.0,2026-05-27T10:27:41.928730+00:00
1146,Eray Cömert,,3.9,0.0,2026-05-27T10:27:41.928730+00:00
1145,Miro Muheim,,4.0,0.0,2026-05-27T10:27:41.928730+00:00
1144,Silvan Widmer,,4.2,0.0,2026-05-27T10:27:41.928730+00:00
1143,Nico Elvedi,,4.3,0.0,2026-05-27T10:27:41.928730+00:00
1142,Ricardo Rodríguez,,4.5,0.0,2026-05-27T10:27:41.928730+00:00
1141,Manuel Akanji,,5.0,0.0,2026-05-27T10:27:41.928730+00:00
1140,Fabian Rieder,,6.2,0.0,2026-05-27T10:27:41.928730+00:00
1139,Ardon Jashari,,5.2,0.0,2026-05-27T10:27:41.928730+00:00
1138,Remo Freuler,,5.9,0.0,2026-05-27T10:27:41.928730+00:00
1137,Michel Aebischer,,5.9,0.0,2026-05-27T10:27:41.928730+00:00
1135,Granit Xhaka,,6.2,0.0,2026-05-27T10:27:41.928730+00:00
1133,Johan Manzambi,,5.6,0.0,2026-05-27T10:27:41.928730+00:00
1129,Kristoffer Nordfeldt,,3.9,0.0,2026-05-27T10:27:41.928730+00:00
1127,Gustaf Nilsson,,4.9,0.0,2026-05-27T10:27:41.928730+00:00
1126,Benjamin Nygren,,4.9,0.0,2026-05-27T10:27:41.928730+00:00
1125,Anthony Elanga,,5.8,0.0,2026-05-27T10:27:41.928730+00:00
1124,Viktor Gyökeres,,7.8,0.0,2026-05-27T10:27:41.928730+00:00
1122,Gustaf Lagerbielke,,3.7,0.0,2026-05-27T10:27:41.928730+00:00
1121,Victor Lindelöf,,4.0,0.0,2026-05-27T10:27:41.928730+00:00
1120,Carl Starfelt,,4.1,0.0,2026-05-27T10:27:41.928730+00:00
1119,Gabriel Gudmundsson,,4.2,0.0,2026-05-27T10:27:41.928730+00:00
1118,Daniel Svensson,,4.5,0.0,2026-05-27T10:27:41.928730+00:00
1117,Mattias Svanberg,,6.1,0.0,2026-05-27T10:27:41.928730+00:00
1116,Jesper Karlström,,5.6,0.0,2026-05-27T10:27:41.928730+00:00
1114,Yasin Ayari,,5.3,0.0,2026-05-27T10:27:41.928730+00:00
1113,Lucas Bergvall,,5.1,0.0,2026-05-27T10:27:41.928730+00:00
1112,Eric Smith,,4.9,0.0,2026-05-27T10:27:41.928730+00:00
1111,Taha Ali,,4.9,0.0,2026-05-27T10:27:41.928730+00:00
1110,Elliot Stroud,,4.7,0.0,2026-05-27T10:27:41.928730+00:00
1109,Besfort Zeneli,,4.7,0.0,2026-05-27T10:27:41.928730+00:00
1106,Pedri,,8.1,0.0,2026-05-27T10:27:41.928730+00:00
1105,Dani Olmo,,7.7,0.0,2026-05-27T10:27:41.928730+00:00
1104,Rodri,,7.5,0.0,2026-05-27T10:27:41.928730+00:00
1102,Marcos Llorente,,5.5,0.0,2026-05-27T10:27:41.928730+00:00
1101,Joan García,,4.0,0.0,2026-05-27T10:27:41.928730+00:00
1099,Unai Simón,,5.0,0.0,2026-05-27T10:27:41.928730+00:00
1098,David Raya,,5.0,0.0,2026-05-27T10:27:41.928730+00:00
1097,Víctor Muñoz,,4.0,0.0,2026-05-27T10:27:41.928730+00:00
1095,Borja Iglesias,,6.8,0.0,2026-05-27T10:27:41.928730+00:00
1094,Mikel Oyarzabal,,8.1,0.0,2026-05-27T10:27:41.928730+00:00
1093,Ferran Torres,,7.8,0.0,2026-05-27T10:27:41.928730+00:00
1092,Lamine Yamal,,10.0,0.0,2026-05-27T10:27:41.928730+00:00
1089,Pau Cubarsí,,5.0,0.0,2026-05-27T10:27:41.928730+00:00
1088,Marc Cucurella,,5.1,0.0,2026-05-27T10:27:41.928730+00:00
1087,Alejandro Grimaldo,,4.9,0.0,2026-05-27T10:27:41.928730+00:00
1086,Aymeric Laporte,,5.5,0.0,2026-05-27T10:27:41.928730+00:00
1085,Pedro Porro,,5.5,0.0,2026-05-27T10:27:41.928730+00:00
1084,Martín Zubimendi,,6.1,0.0,2026-05-27T10:27:41.928730+00:00
1082,Álex Baena,,6.0,0.0,2026-05-27T10:27:41.928730+00:00
1081,Yéremy Pino,,5.9,0.0,2026-05-27T10:27:41.928730+00:00
1078,Ricardo Goss,,3.7,0.0,2026-05-27T10:27:41.928730+00:00
1077,Ronwen Williams,,4.5,0.0,2026-05-27T10:27:41.928730+00:00
1076,Thapelo Maseko,,4.2,0.0,2026-05-27T10:27:41.928730+00:00
1075,Evidence Makgopa,,4.5,0.0,2026-05-27T10:27:41.928730+00:00
1073,Oswin Appollis,,4.9,0.0,2026-05-27T10:27:41.928730+00:00
1072,Relebohile Mofokeng,,4.9,0.0,2026-05-27T10:27:41.928730+00:00
1071,Lyle Foster,,5.4,0.0,2026-05-27T10:27:41.928730+00:00
1070,Samukele Kabini,,3.5,0.0,2026-05-27T10:27:41.928730+00:00
1069,Ime Okon,,3.5,0.0,2026-05-27T10:27:41.928730+00:00
1068,Khulumani Ndamane,,3.5,0.0,2026-05-27T10:27:41.928730+00:00
1067,Mbekezeli Mbokazi,,3.5,0.0,2026-05-27T10:27:41.928730+00:00
1066,Nkosinathi Sibisi,,3.6,0.0,2026-05-27T10:27:41.928730+00:00
1065,Khuliso Mudau,,3.6,0.0,2026-05-27T10:27:41.928730+00:00
1064,Thabang Matuludi,,3.7,0.0,2026-05-27T10:27:41.928730+00:00
1063,Aubrey Modiba,,3.7,0.0,2026-05-27T10:27:41.928730+00:00
1062,Yaya Sithole,,5.1,0.0,2026-05-27T10:27:41.928730+00:00
1061,Tshepang Moremi,,4.9,0.0,2026-05-27T10:27:41.928730+00:00
1060,Thalente Mbatha,,4.9,0.0,2026-05-27T10:27:41.928730+00:00
1059,Themba Zwane,,4.3,0.0,2026-05-27T10:27:41.928730+00:00
1058,Teboho Mokoena,,4.3,0.0,2026-05-27T10:27:41.928730+00:00
1057,Jayden Adams,,4.0,0.0,2026-05-27T10:27:41.928730+00:00
1056,Habib Diarra,,6.2,0.0,2026-05-27T10:27:41.928730+00:00
1055,Lamine Camara,,6.2,0.0,2026-05-27T10:27:41.928730+00:00
1054,Krépin Diatta,,6.1,0.0,2026-05-27T10:27:41.928730+00:00
1053,Mory Diaw,,3.8,0.0,2026-05-27T10:27:41.928730+00:00
1052,Yehvann Diouf,,3.9,0.0,2026-05-27T10:27:41.928730+00:00
1051,Édouard Mendy,,4.5,0.0,2026-05-27T10:27:41.928730+00:00
1049,Ibrahim Mbaye,,4.4,0.0,2026-05-27T10:27:41.928730+00:00
1048,Bamba Dieng,,4.9,0.0,2026-05-27T10:27:41.928730+00:00
1047,Cherif Ndiaye,,4.9,0.0,2026-05-27T10:27:41.928730+00:00
1046,Assane Diao,,4.9,0.0,2026-05-27T10:27:41.928730+00:00
1043,Ismaïla Sarr,,6.2,0.0,2026-05-27T10:27:41.928730+00:00
1042,Iliman Ndiaye,,6.5,0.0,2026-05-27T10:27:41.928730+00:00
1041,Nicolas Jackson,,6.7,0.0,2026-05-27T10:27:41.928730+00:00
1039,Antoine Mendy,,3.7,0.0,2026-05-27T10:27:41.928730+00:00
1038,Abdoulaye Seck,,3.8,0.0,2026-05-27T10:27:41.928730+00:00
1037,Kalidou Koulibaly,,4.9,0.0,2026-05-27T10:27:41.928730+00:00
1036,Ismail Jakobs,,4.1,0.0,2026-05-27T10:27:41.928730+00:00
1035,El Hadji Malick Diouf,,4.1,0.0,2026-05-27T10:27:41.928730+00:00
1034,Moussa Niakhaté,,4.3,0.0,2026-05-27T10:27:41.928730+00:00
1033,Mamadou Sarr,,4.7,0.0,2026-05-27T10:27:41.928730+00:00
1032,Pape Gueye,,5.9,0.0,2026-05-27T10:27:41.928730+00:00
1031,Pathé Ciss,,5.6,0.0,2026-05-27T10:27:41.928730+00:00
1030,Pape Matar Sarr,,5.6,0.0,2026-05-27T10:27:41.928730+00:00
1029,Idrissa Gueye,,4.9,0.0,2026-05-27T10:27:41.928730+00:00
1028,Lewis Ferguson,,4.8,0.0,2026-05-27T10:27:41.928730+00:00
1027,Scott McTominay,,6.5,0.0,2026-05-27T10:27:41.928730+00:00
1025,Angus Gunn,,3.6,0.0,2026-05-27T10:27:41.928730+00:00
1024,Liam Kelly,,3.7,0.0,2026-05-27T10:27:41.928730+00:00
1023,Findlay Curtis,,4.0,0.0,2026-05-27T10:27:41.928730+00:00
1022,Lyndon Dykes,,4.6,0.0,2026-05-27T10:27:41.928730+00:00
1021,George Hirst,,4.6,0.0,2026-05-27T10:27:41.928730+00:00
1019,Ché Adams,,5.4,0.0,2026-05-27T10:27:41.928730+00:00
1018,Grant Hanley,,3.5,0.0,2026-05-27T10:27:41.928730+00:00
1016,Dominic Hyam,,3.6,0.0,2026-05-27T10:27:41.928730+00:00
1015,Anthony Ralston,,3.8,0.0,2026-05-27T10:27:41.928730+00:00
1014,Scott McKenna,,3.8,0.0,2026-05-27T10:27:41.928730+00:00
1013,John Souttar,,3.8,0.0,2026-05-27T10:27:41.928730+00:00
1012,Jack Hendry,,3.9,0.0,2026-05-27T10:27:41.928730+00:00
1011,Nathan Patterson,,4.0,0.0,2026-05-27T10:27:41.928730+00:00
1010,Kieran Tierney,,4.3,0.0,2026-05-27T10:27:41.928730+00:00
1009,Andy Robertson,,5.0,0.0,2026-05-27T10:27:41.928730+00:00
1008,Kenny McLean,,4.8,0.0,2026-05-27T10:27:41.928730+00:00
1007,Ryan Christie,,5.6,0.0,2026-05-27T10:27:41.928730+00:00
1005,Billy Gilmour,,5.1,0.0,2026-05-27T10:27:41.928730+00:00
1003,John McGinn,,6.0,0.0,2026-05-27T10:27:41.928730+00:00
1001,Mohammed Al Owais,,3.5,0.0,2026-05-27T10:27:41.928730+00:00
1000,Ahmed Al Kassar,,3.9,0.0,2026-05-27T10:27:41.928730+00:00
999,Nawaf Al Aqidi,,4.0,0.0,2026-05-27T10:27:41.928730+00:00
997,Sultan Mandash,,4.5,0.0,2026-05-27T10:27:41.928730+00:00
995,Saleh Al Shehri,,4.9,0.0,2026-05-27T10:27:41.928730+00:00
994,Khalid Al Ghannam,,4.9,0.0,2026-05-27T10:27:41.928730+00:00
993,Abdullah Al Hamddan,,4.9,0.0,2026-05-27T10:27:41.928730+00:00
992,Feras Al Brikan,,5.3,0.0,2026-05-27T10:27:41.928730+00:00
991,Ali Lajami,,3.5,0.0,2026-05-27T10:27:41.928730+00:00
987,Nawaf Bu Washl,,3.5,0.0,2026-05-27T10:27:41.928730+00:00
986,Ali Majrashi,,3.6,0.0,2026-05-27T10:27:41.928730+00:00
985,Hassan Kadish,,3.7,0.0,2026-05-27T10:27:41.928730+00:00
984,Abdulelah Al Amri,,3.7,0.0,2026-05-27T10:27:41.928730+00:00
983,Saud Abdulhamid,,4.1,0.0,2026-05-27T10:27:41.928730+00:00
982,Aiman Yahya,,5.6,0.0,2026-05-27T10:27:41.928730+00:00
980,Abdullah Al Khaibari,,5.1,0.0,2026-05-27T10:27:41.928730+00:00
978,Mohamed Kanno,,5.1,0.0,2026-05-27T10:27:41.928730+00:00
977,Ziyad Al Johani,,4.9,0.0,2026-05-27T10:27:41.928730+00:00
972,Musab Al Juwayr,,4.1,0.0,2026-05-27T10:27:41.928730+00:00
971,Mahmud Abunada,,3.5,0.0,2026-05-27T10:27:41.928730+00:00
970,Shehab Ellethy,,3.6,0.0,2026-05-27T10:27:41.928730+00:00
969,Salah Zakaria,,3.7,0.0,2026-05-27T10:27:41.928730+00:00
968,Meshaal Barsham,,4.1,0.0,2026-05-27T10:27:41.928730+00:00
966,Mubarak Shanan,,4.0,0.0,2026-05-27T10:27:41.928730+00:00
963,Ahmed Al Ganehi,,4.2,0.0,2026-05-27T10:27:41.928730+00:00
962,Yusuf Abdurisag,,4.4,0.0,2026-05-27T10:27:41.928730+00:00
961,Hassan Al Haydos,,4.6,0.0,2026-05-27T10:27:41.928730+00:00
960,Edmílson Junior,,4.9,0.0,2026-05-27T10:27:41.928730+00:00
959,Almoez Ali,,5.3,0.0,2026-05-27T10:27:41.928730+00:00
958,Akram Afif,,5.9,0.0,2026-05-27T10:27:41.928730+00:00
957,Issa Laye,,3.5,0.0,2026-05-27T10:27:41.928730+00:00
955,Hashmi Al Hussain,,3.5,0.0,2026-05-27T10:27:41.928730+00:00
954,Niall Mason,,3.5,0.0,2026-05-27T10:27:41.928730+00:00
952,Boualem Khoukhi,,3.8,0.0,2026-05-27T10:27:41.928730+00:00
951,Lucas Mendes,,3.8,0.0,2026-05-27T10:27:41.928730+00:00
950,Bassam Al Rawi,,3.8,0.0,2026-05-27T10:27:41.928730+00:00
949,Pedro Miguel,,3.9,0.0,2026-05-27T10:27:41.928730+00:00
948,Mohammed Waad,,5.3,0.0,2026-05-27T10:27:41.928730+00:00
947,Assim Madibo,,5.1,0.0,2026-05-27T10:27:41.928730+00:00
946,Karim Boudiaf,,4.9,0.0,2026-05-27T10:27:41.928730+00:00
944,Ahmed Fathy,,4.7,0.0,2026-05-27T10:27:41.928730+00:00
943,Ayoub Al Oui,,4.4,0.0,2026-05-27T10:27:41.928730+00:00
942,Mohammad Al Mannai,,4.2,0.0,2026-05-27T10:27:41.928730+00:00
939,Bruno Fernandes,,8.5,0.0,2026-05-27T10:27:41.928730+00:00
937,João Neves,,6.5,0.0,2026-05-27T10:27:41.928730+00:00
936,Vitinha,,6.4,0.0,2026-05-27T10:27:41.928730+00:00
935,Matheus Nunes,,6.1,0.0,2026-05-27T10:27:41.928730+00:00
934,Rúben Neves,,5.9,0.0,2026-05-27T10:27:41.928730+00:00
933,Ricardo Velho,,4.0,0.0,2026-05-27T10:27:41.928730+00:00
932,José Sá,,4.7,0.0,2026-05-27T10:27:41.928730+00:00
931,Rui Silva,,4.7,0.0,2026-05-27T10:27:41.928730+00:00
928,Francisco Conceição,,5.7,0.0,2026-05-27T10:27:41.928730+00:00
927,Gonçalo Guedes,,5.8,0.0,2026-05-27T10:27:41.928730+00:00
926,Trincão,,5.9,0.0,2026-05-27T10:27:41.928730+00:00
925,Pedro Neto,,6.4,0.0,2026-05-27T10:27:41.928730+00:00
924,João Félix,,6.5,0.0,2026-05-27T10:27:41.928730+00:00
923,Gonçalo Ramos,,7.5,0.0,2026-05-27T10:27:41.928730+00:00
922,Tomás Araújo,,4.1,0.0,2026-05-27T10:27:41.928730+00:00
921,Renato Veiga,,4.3,0.0,2026-05-27T10:27:41.928730+00:00
919,Gonçalo Inácio,,4.6,0.0,2026-05-27T10:27:41.928730+00:00
918,Diogo Dalot,,5.0,0.0,2026-05-27T10:27:41.928730+00:00
917,João Cancelo,,5.3,0.0,2026-05-27T10:27:41.928730+00:00
916,Nuno Mendes,,5.8,0.0,2026-05-27T10:27:41.928730+00:00
915,Samú Costa,,5.6,0.0,2026-05-27T10:27:41.928730+00:00
913,Diego Gómez,,6.8,0.0,2026-05-27T10:27:41.928730+00:00
912,Julio Enciso,,6.6,0.0,2026-05-27T10:27:41.928730+00:00
911,Damián Bobadilla,,5.5,0.0,2026-05-27T10:27:41.928730+00:00
910,Orlando Gill,,3.5,0.0,2026-05-27T10:27:41.928730+00:00
909,Gastón Olveira,,3.8,0.0,2026-05-27T10:27:41.928730+00:00
908,Roberto Fernández,,4.0,0.0,2026-05-27T10:27:41.928730+00:00
907,Alexandro Maidana,,4.0,0.0,2026-05-27T10:27:41.928730+00:00
906,Gustavo Caballero,,4.2,0.0,2026-05-27T10:27:41.928730+00:00
905,Gabriel Ávalos,,4.9,0.0,2026-05-27T10:27:41.928730+00:00
904,Álex Arce,,4.9,0.0,2026-05-27T10:27:41.928730+00:00
903,Ramón Sosa,,5.3,0.0,2026-05-27T10:27:41.928730+00:00
902,Antonio Sanabria,,6.5,0.0,2026-05-27T10:27:41.928730+00:00
901,Miguel Almirón,,6.0,0.0,2026-05-27T10:27:41.928730+00:00
900,José Canale,,3.6,0.0,2026-05-27T10:27:41.928730+00:00
899,Juan José Cáceres,,3.8,0.0,2026-05-27T10:27:41.928730+00:00
898,Gustavo Velázquez,,3.8,0.0,2026-05-27T10:27:41.928730+00:00
897,Alan Benítez,,3.8,0.0,2026-05-27T10:27:41.928730+00:00
896,Fabián Balbuena,,4.0,0.0,2026-05-27T10:27:41.928730+00:00
895,Omar Alderete,,4.1,0.0,2026-05-27T10:27:41.928730+00:00
894,Júnior Alonso,,4.1,0.0,2026-05-27T10:27:41.928730+00:00
893,Gustavo Gómez,,4.6,0.0,2026-05-27T10:27:41.928730+00:00
892,Braian Ojeda,,5.6,0.0,2026-05-27T10:27:41.928730+00:00
891,Lucas Romero,,5.6,0.0,2026-05-27T10:27:41.928730+00:00
890,Matías Galarza,,4.8,0.0,2026-05-27T10:27:41.928730+00:00
889,Alejandro Romero,,4.7,0.0,2026-05-27T10:27:41.928730+00:00
888,Maurício Magalhães Prado,,4.6,0.0,2026-05-27T10:27:41.928730+00:00
887,Adalberto Carrasquilla,,6.5,0.0,2026-05-27T10:27:41.928730+00:00
886,César Samudio,,3.6,0.0,2026-05-27T10:27:41.928730+00:00
885,Orlando Mosquera,,3.9,0.0,2026-05-27T10:27:41.928730+00:00
884,Luis Mejía,,4.0,0.0,2026-05-27T10:27:41.928730+00:00
883,Kadir Barría,,4.0,0.0,2026-05-27T10:27:41.928730+00:00
882,César Yanis,,4.4,0.0,2026-05-27T10:27:41.928730+00:00
881,Cecilio Waterman,,5.0,0.0,2026-05-27T10:27:41.928730+00:00
880,José Fajardo,,4.7,0.0,2026-05-27T10:27:41.928730+00:00
879,Ismael Díaz,,4.9,0.0,2026-05-27T10:27:41.928730+00:00
878,Jorge Gutiérrez,,3.5,0.0,2026-05-27T10:27:41.928730+00:00
877,Martín Krug,,3.5,0.0,2026-05-27T10:27:41.928730+00:00
876,Jiovany Ramos,,3.5,0.0,2026-05-27T10:27:41.928730+00:00
875,Roderick Miller,,3.5,0.0,2026-05-27T10:27:41.928730+00:00
874,Andrés Andrade,,3.7,0.0,2026-05-27T10:27:41.928730+00:00
873,César Blackman,,3.7,0.0,2026-05-27T10:27:41.928730+00:00
872,Éric Davis,,3.9,0.0,2026-05-27T10:27:41.928730+00:00
871,José Córdoba,,4.0,0.0,2026-05-27T10:27:41.928730+00:00
870,Amir Murillo,,5.0,0.0,2026-05-27T10:27:41.928730+00:00
869,Aníbal Godoy,,5.6,0.0,2026-05-27T10:27:41.928730+00:00
868,José Luis Rodríguez,,5.6,0.0,2026-05-27T10:27:41.928730+00:00
867,Yoel Bárcenas,,5.6,0.0,2026-05-27T10:27:41.928730+00:00
866,Cristian Martínez,,5.3,0.0,2026-05-27T10:27:41.928730+00:00
865,Carlos Harvey,,4.9,0.0,2026-05-27T10:27:41.928730+00:00
864,Kristian Thorstvedt,,6.2,0.0,2026-05-27T10:27:41.928730+00:00
863,Antonio Nusa,,6.1,0.0,2026-05-27T10:27:41.928730+00:00
862,Jens Petter Hauge,,5.9,0.0,2026-05-27T10:27:41.928730+00:00
860,Egil Selvik,,3.8,0.0,2026-05-27T10:27:41.928730+00:00
859,Ørjan Nyland,,4.2,0.0,2026-05-27T10:27:41.928730+00:00
858,Jørgen Strand Larsen,,5.6,0.0,2026-05-27T10:27:41.928730+00:00
857,Andreas Schjelderup,,6.2,0.0,2026-05-27T10:27:41.928730+00:00
856,Alexander Sørloth,,6.8,0.0,2026-05-27T10:27:41.928730+00:00
855,Erling Haaland,,10.5,0.0,2026-05-27T10:27:41.928730+00:00
854,Henrik Falchener,,3.5,0.0,2026-05-27T10:27:41.928730+00:00
852,Torbjørn Heggem,,3.7,0.0,2026-05-27T10:27:41.928730+00:00
851,Fredrik Bjørkan,,4.0,0.0,2026-05-27T10:27:41.928730+00:00
850,David Møller Wolfe,,4.0,0.0,2026-05-27T10:27:41.928730+00:00
849,Leo Østigård,,4.1,0.0,2026-05-27T10:27:41.928730+00:00
848,Marcus Pedersen,,4.1,0.0,2026-05-27T10:27:41.928730+00:00
847,Julian Ryerson,,4.2,0.0,2026-05-27T10:27:41.928730+00:00
846,Kristoffer Ajer,,4.3,0.0,2026-05-27T10:27:41.928730+00:00
845,Patrick Berg,,5.6,0.0,2026-05-27T10:27:41.928730+00:00
844,Morten Thorsby,,5.6,0.0,2026-05-27T10:27:41.928730+00:00
843,Oscar Bobb,,5.1,0.0,2026-05-27T10:27:41.928730+00:00
841,Sander Berge,,4.7,0.0,2026-05-27T10:27:41.928730+00:00
840,Michael Woud,,3.7,0.0,2026-05-27T10:27:41.928730+00:00
839,Alex Paulsen,,3.8,0.0,2026-05-27T10:27:41.928730+00:00
838,Max Crocombe,,3.9,0.0,2026-05-27T10:27:41.928730+00:00
836,Lachlan Bayliss,,4.0,0.0,2026-05-27T10:27:41.928730+00:00
835,Jesse Randall,,4.0,0.0,2026-05-27T10:27:41.928730+00:00
834,Ben Old,,4.2,0.0,2026-05-27T10:27:41.928730+00:00
833,Ben Waine,,4.2,0.0,2026-05-27T10:27:41.928730+00:00
832,Elijah Just,,4.2,0.0,2026-05-27T10:27:41.928730+00:00
831,Kosta Barbarouses,,4.4,0.0,2026-05-27T10:27:41.928730+00:00
830,Finn Surman,,3.5,0.0,2026-05-27T10:27:41.928730+00:00
829,Callan Elliot,,3.5,0.0,2026-05-27T10:27:41.928730+00:00
827,Tim Payne,,3.6,0.0,2026-05-27T10:27:41.928730+00:00
826,Francis de Vries,,3.6,0.0,2026-05-27T10:27:41.928730+00:00
825,Tyler Bindon,,3.6,0.0,2026-05-27T10:27:41.928730+00:00
823,Marko Stamenic,,5.6,0.0,2026-05-27T10:27:41.928730+00:00
822,Ryan Thomas,,5.3,0.0,2026-05-27T10:27:41.928730+00:00
821,Joe Bell,,5.1,0.0,2026-05-27T10:27:41.928730+00:00
820,Alex Rufer,,4.9,0.0,2026-05-27T10:27:41.928730+00:00
818,Callum McCowatt,,4.7,0.0,2026-05-27T10:27:41.928730+00:00
817,Quinten Timber,,6.8,0.0,2026-05-27T10:27:41.928730+00:00
816,Tijjani Reijnders,,6.5,0.0,2026-05-27T10:27:41.928730+00:00
815,Xavi Simons,,6.5,0.0,2026-05-27T10:27:41.928730+00:00
814,Teun Koopmeiners,,6.2,0.0,2026-05-27T10:27:41.928730+00:00
813,Jerdy Schouten,,6.1,0.0,2026-05-27T10:27:41.928730+00:00
812,Ryan Gravenberch,,6.1,0.0,2026-05-27T10:27:41.928730+00:00
811,Justin Bijlow,,4.3,0.0,2026-05-27T10:27:41.928730+00:00
810,Mark Flekken,,4.7,0.0,2026-05-27T10:27:41.928730+00:00
809,Bart Verbruggen,,4.7,0.0,2026-05-27T10:27:41.928730+00:00
808,Wout Weghorst,,5.5,0.0,2026-05-27T10:27:41.928730+00:00
807,Brian Brobbey,,5.7,0.0,2026-05-27T10:27:41.928730+00:00
806,Noa Lang,,5.9,0.0,2026-05-27T10:27:41.928730+00:00
805,Donyell Malen,,6.1,0.0,2026-05-27T10:27:41.928730+00:00
804,Cody Gakpo,,7.7,0.0,2026-05-27T10:27:41.928730+00:00
803,Jorrel Hato,,4.3,0.0,2026-05-27T10:27:41.928730+00:00
802,Jan Paul van Hecke,,4.3,0.0,2026-05-27T10:27:41.928730+00:00
801,Stefan de Vrij,,4.5,0.0,2026-05-27T10:27:41.928730+00:00
800,Lutsharel Geertruida,,4.8,0.0,2026-05-27T10:27:41.928730+00:00
799,Jeremie Frimpong,,5.0,0.0,2026-05-27T10:27:41.928730+00:00
798,Nathan Aké,,5.0,0.0,2026-05-27T10:27:41.928730+00:00
797,Micky van de Ven,,5.1,0.0,2026-05-27T10:27:41.928730+00:00
796,Virgil van Dijk,,5.5,0.0,2026-05-27T10:27:41.928730+00:00
795,Denzel Dumfries,,5.7,0.0,2026-05-27T10:27:41.928730+00:00
794,Luciano Valente,,4.9,0.0,2026-05-27T10:27:41.928730+00:00
793,Kees Smit,,4.7,0.0,2026-05-27T10:27:41.928730+00:00
792,Ismael Saibari,,6.8,0.0,2026-05-27T10:27:41.928730+00:00
787,El Mehdi Al Harrar,,3.5,0.0,2026-05-27T10:27:41.928730+00:00
784,Yassir Zabiri,,4.0,0.0,2026-05-27T10:27:41.928730+00:00
783,Rayane Bounida,,4.0,0.0,2026-05-27T10:27:41.928730+00:00
782,Gessime Yassine,,4.0,0.0,2026-05-27T10:27:41.928730+00:00
777,Ayoub El Kaabi,,5.9,0.0,2026-05-27T10:27:41.928730+00:00
775,Abdelhamid Aït Boudlal,,3.5,0.0,2026-05-27T10:27:41.928730+00:00
774,Ismaël Baouf,,3.5,0.0,2026-05-27T10:27:41.928730+00:00
773,Anass Salah-Eddine,,3.9,0.0,2026-05-27T10:27:41.928730+00:00
770,Souffian El Karouani,,4.0,0.0,2026-05-27T10:27:41.928730+00:00
766,Oussama Targhalline,,5.3,0.0,2026-05-27T10:27:41.928730+00:00
765,Samir El Mourabet,,4.7,0.0,2026-05-27T10:27:41.928730+00:00
763,Álvaro Fidalgo,,6.4,0.0,2026-05-27T10:27:41.928730+00:00
762,Orbelín Pineda,,6.2,0.0,2026-05-27T10:27:41.928730+00:00
761,Érick Sánchez,,4.5,0.0,2026-05-27T10:27:41.928730+00:00
760,Carlos Rodríguez,,5.9,0.0,2026-05-27T10:27:41.928730+00:00
759,Érik Lira,,5.6,0.0,2026-05-27T10:27:41.928730+00:00
758,Brian Gutiérrez,,5.0,0.0,2026-05-27T10:27:41.928730+00:00
757,Raúl Rangel,,3.9,0.0,2026-05-27T10:27:41.928730+00:00
756,Carlos Acevedo,,4.0,0.0,2026-05-27T10:27:41.928730+00:00
755,Guillermo Ochoa,,4.2,0.0,2026-05-27T10:27:41.928730+00:00
754,Armando González,,4.4,0.0,2026-05-27T10:27:41.928730+00:00
753,Guillermo Martínez,,4.7,0.0,2026-05-27T10:27:41.928730+00:00
752,Roberto Alvarado,,5.3,0.0,2026-05-27T10:27:41.928730+00:00
751,Alexis Vega,,5.3,0.0,2026-05-27T10:27:41.928730+00:00
750,Julián Quiñones,,5.6,0.0,2026-05-27T10:27:41.928730+00:00
749,Germán Berterame,,5.6,0.0,2026-05-27T10:27:41.928730+00:00
748,Raúl Jiménez,,7.0,0.0,2026-05-27T10:27:41.928730+00:00
747,Everardo López,,3.5,0.0,2026-05-27T10:27:41.928730+00:00
746,Richard Ledezma,,3.9,0.0,2026-05-27T10:27:41.928730+00:00
745,Jesús Angulo,,3.9,0.0,2026-05-27T10:27:41.928730+00:00
744,Israel Reyes,,4.0,0.0,2026-05-27T10:27:41.928730+00:00
743,Jorge Sánchez,,4.0,0.0,2026-05-27T10:27:41.928730+00:00
742,Jesús Gallardo,,4.7,0.0,2026-05-27T10:27:41.928730+00:00
741,César Montes,,4.7,0.0,2026-05-27T10:27:41.928730+00:00
740,Johan Vásquez,,4.7,0.0,2026-05-27T10:27:41.928730+00:00
738,Obed Vargas,,4.7,0.0,2026-05-27T10:27:41.928730+00:00
737,Lee Jae-Sung,,6.2,0.0,2026-05-27T10:27:41.928730+00:00
736,Lee Kang-In,,6.1,0.0,2026-05-27T10:27:41.928730+00:00
735,Bae Jun-Ho,,5.9,0.0,2026-05-27T10:27:41.928730+00:00
733,Jens Castrop,,5.6,0.0,2026-05-27T10:27:41.928730+00:00
732,Paik Seung-Ho,,5.6,0.0,2026-05-27T10:27:41.928730+00:00
731,Song Bum-Keun,,3.9,0.0,2026-05-27T10:27:41.928730+00:00
730,Kim Seung-Gyu,,4.1,0.0,2026-05-27T10:27:41.928730+00:00
729,Jo Hyeon-Woo,,4.6,0.0,2026-05-27T10:27:41.928730+00:00
728,Eom Ji-Sung,,4.6,0.0,2026-05-27T10:27:41.928730+00:00
727,Yang Hyun-Jun,,4.7,0.0,2026-05-27T10:27:41.928730+00:00
726,Oh Hyeon-Gyu,,4.9,0.0,2026-05-27T10:27:41.928730+00:00
725,Cho Gue-Sung,,5.3,0.0,2026-05-27T10:27:41.928730+00:00
724,Hwang Hee-Chan,,6.1,0.0,2026-05-27T10:27:41.928730+00:00
723,Son Heung-Min,,7.4,0.0,2026-05-27T10:27:41.928730+00:00
722,Kim Tae-Hyeon,,3.6,0.0,2026-05-27T10:27:41.928730+00:00
720,Lee Tae-Seok,,3.7,0.0,2026-05-27T10:27:41.928730+00:00
719,Lee Han-Beom,,3.7,0.0,2026-05-27T10:27:41.928730+00:00
718,Kim Moon-Hwan,,3.9,0.0,2026-05-27T10:27:41.928730+00:00
717,Cho Yu-Min,,3.9,0.0,2026-05-27T10:27:41.928730+00:00
716,Seol Young-Woo,,4.2,0.0,2026-05-27T10:27:41.928730+00:00
715,Kim Min-Jae,,5.0,0.0,2026-05-27T10:27:41.928730+00:00
714,Kim Jin-Gyu,,4.9,0.0,2026-05-27T10:27:41.928730+00:00
713,Park Jin-Seob,,4.9,0.0,2026-05-27T10:27:41.928730+00:00
710,Abdallah Al Fakhouri,,3.6,0.0,2026-05-27T10:27:41.928730+00:00
709,Yazeed  Abulaila,,3.9,0.0,2026-05-27T10:27:41.928730+00:00
708,Odeh Fakhoury,,4.0,0.0,2026-05-27T10:27:41.928730+00:00
707,Ali Azaizeh,,4.0,0.0,2026-05-27T10:27:41.928730+00:00
705,Ibrahim Sabra,,4.0,0.0,2026-05-27T10:27:41.928730+00:00
703,Mahmoud Al Mardi,,4.2,0.0,2026-05-27T10:27:41.928730+00:00
702,Mohammad Abu Zraiq,,4.2,0.0,2026-05-27T10:27:41.928730+00:00
701,Mousa Al Tamari,,5.6,0.0,2026-05-27T10:27:41.928730+00:00
700,Amer Jamous,,3.5,0.0,2026-05-27T10:27:41.928730+00:00
699,Mohammad Abu Al Nadi,,3.5,0.0,2026-05-27T10:27:41.928730+00:00
698,Saleem Obaid,,3.5,0.0,2026-05-27T10:27:41.928730+00:00
697,Ahmad Assaf,,3.5,0.0,2026-05-27T10:27:41.928730+00:00
696,Mohammad Taha,,3.5,0.0,2026-05-27T10:27:41.928730+00:00
695,Husam Abu Al Dahab,,3.5,0.0,2026-05-27T10:27:41.928730+00:00
693,Mohammad Abu Hasheesh,,3.5,0.0,2026-05-27T10:27:41.928730+00:00
692,Mohannad Abu Taha,,3.5,0.0,2026-05-27T10:27:41.928730+00:00
691,Abdallah Nasib,,3.6,0.0,2026-05-27T10:27:41.928730+00:00
690,Yazan Al Arab,,3.7,0.0,2026-05-27T10:27:41.928730+00:00
689,Nizar Al Rashdan,,4.9,0.0,2026-05-27T10:27:41.928730+00:00
688,Noor Al Rawabdeh,,4.7,0.0,2026-05-27T10:27:41.928730+00:00
687,Mohammad Al Daoud,,4.7,0.0,2026-05-27T10:27:41.928730+00:00
686,Ibrahim Sadeh,,4.4,0.0,2026-05-27T10:27:41.928730+00:00
685,Yousef Qashi,,4.2,0.0,2026-05-27T10:27:41.928730+00:00
684,Ritsu Doan,,5.1,0.0,2026-05-27T10:27:41.928730+00:00
682,Daichi Kamada,,5.8,0.0,2026-05-27T10:27:41.928730+00:00
681,Ao Tanaka,,5.0,0.0,2026-05-27T10:27:41.928730+00:00
680,Yuito Suzuki,,5.0,0.0,2026-05-27T10:27:41.928730+00:00
679,Tomoki Hayakawa,,3.8,0.0,2026-05-27T10:27:41.928730+00:00
678,Keisuke Osako,,4.0,0.0,2026-05-27T10:27:41.928730+00:00
677,Zion Suzuki,,4.3,0.0,2026-05-27T10:27:41.928730+00:00
676,Kento Shiogai,,4.0,0.0,2026-05-27T10:27:41.928730+00:00
675,Keisuke Goto,,4.2,0.0,2026-05-27T10:27:41.928730+00:00
673,Koki Ogawa,,4.9,0.0,2026-05-27T10:27:41.928730+00:00
672,Ayase Ueda,,7.0,0.0,2026-05-27T10:27:41.928730+00:00
671,Keito Nakamura,,5.5,0.0,2026-05-27T10:27:41.928730+00:00
670,Daizen Maeda,,5.0,0.0,2026-05-27T10:27:41.928730+00:00
669,Junya Ito,,5.0,0.0,2026-05-27T10:27:41.928730+00:00
668,Junnosuke Suzuki,,3.5,0.0,2026-05-27T10:27:41.928730+00:00
667,Ayumu Seko,,3.8,0.0,2026-05-27T10:27:41.928730+00:00
666,Shogo Taniguchi,,3.9,0.0,2026-05-27T10:27:41.928730+00:00
665,Hiroki Ito,,3.9,0.0,2026-05-27T10:27:41.928730+00:00
663,Tsuyoshi Watanabe,,4.3,0.0,2026-05-27T10:27:41.928730+00:00
662,Yukinari Sugawara,,4.4,0.0,2026-05-27T10:27:41.928730+00:00
659,Kaishu Sano,,4.9,0.0,2026-05-27T10:27:41.928730+00:00
657,Ibrahim Bayesh,,5.6,0.0,2026-05-27T10:27:41.928730+00:00
656,Zidane Iqbal,,5.6,0.0,2026-05-27T10:27:41.928730+00:00
655,Kumel Saadi,,3.5,0.0,2026-05-27T10:27:41.928730+00:00
654,Fahad Talib,,3.7,0.0,2026-05-27T10:27:41.928730+00:00
653,Ahmed Basil,,3.8,0.0,2026-05-27T10:27:41.928730+00:00
652,Karar Nabeel,,4.0,0.0,2026-05-27T10:27:41.928730+00:00
651,Ali Yousif,,4.2,0.0,2026-05-27T10:27:41.928730+00:00
650,Youssef Amyn,,4.4,0.0,2026-05-27T10:27:41.928730+00:00
649,Ali Al Hamadi,,4.7,0.0,2026-05-27T10:27:41.928730+00:00
648,Ali Jasim,,4.9,0.0,2026-05-27T10:27:41.928730+00:00
647,Mohanad Ali,,4.9,0.0,2026-05-27T10:27:41.928730+00:00
646,Aymen Hussein,,5.3,0.0,2026-05-27T10:27:41.928730+00:00
645,Ahmed Maknzi,,3.5,0.0,2026-05-27T10:27:41.928730+00:00
644,Akam Hashim,,3.5,0.0,2026-05-27T10:27:41.928730+00:00
643,Munaf Younus,,3.5,0.0,2026-05-27T10:27:41.928730+00:00
642,Zaid Tahseen,,3.6,0.0,2026-05-27T10:27:41.928730+00:00
641,Hussein Ali,,3.6,0.0,2026-05-27T10:27:41.928730+00:00
640,Maytham Jabbar,,3.6,0.0,2026-05-27T10:27:41.928730+00:00
639,Rebin Sulaka,,3.7,0.0,2026-05-27T10:27:41.928730+00:00
638,Frans Putros,,3.7,0.0,2026-05-27T10:27:41.928730+00:00
637,Merchas Doski,,3.8,0.0,2026-05-27T10:27:41.928730+00:00
636,Aimar Sher,,5.3,0.0,2026-05-27T10:27:41.928730+00:00
635,Amir Al Ammari,,5.3,0.0,2026-05-27T10:27:41.928730+00:00
634,Kevin Yakob,,5.1,0.0,2026-05-27T10:27:41.928730+00:00
633,Peter Gwargis,,5.1,0.0,2026-05-27T10:27:41.928730+00:00
632,Hasan Abdulkareem,,4.7,0.0,2026-05-27T10:27:41.928730+00:00
631,Marko Farji,,4.4,0.0,2026-05-27T10:27:41.928730+00:00
630,Zaid Ismael,,4.4,0.0,2026-05-27T10:27:41.928730+00:00
629,Mehdi Ghayedi,,5.9,0.0,2026-05-27T10:27:41.928730+00:00
627,Mohammad Mohebi,,5.9,0.0,2026-05-27T10:27:41.928730+00:00
626,Saeid Ezatolahi,,5.6,0.0,2026-05-27T10:27:41.928730+00:00
625,Mehdi Torabi,,5.6,0.0,2026-05-27T10:27:41.928730+00:00
624,Omid Noorafkan,,5.3,0.0,2026-05-27T10:27:41.928730+00:00
623,Mohammad Khalifeh,,3.5,0.0,2026-05-27T10:27:41.928730+00:00
622,Hossein Hosseini,,3.8,0.0,2026-05-27T10:27:41.928730+00:00
621,Payam Niazmand,,3.9,0.0,2026-05-27T10:27:41.928730+00:00
620,Alireza Beiranvand,,4.2,0.0,2026-05-27T10:27:41.928730+00:00
618,Amirhossein Mahmoudi,,4.0,0.0,2026-05-27T10:27:41.928730+00:00
616,Amirhossein Hosseinzadeh,,4.5,0.0,2026-05-27T10:27:41.928730+00:00
615,Dennis Dargahi,,4.6,0.0,2026-05-27T10:27:41.928730+00:00
614,Ali Alipour,,4.6,0.0,2026-05-27T10:27:41.928730+00:00
612,Saman Ghoddos,,4.9,0.0,2026-05-27T10:27:41.928730+00:00
611,Alireza Jahanbakhsh,,5.3,0.0,2026-05-27T10:27:41.928730+00:00
610,Mehdi Taremi,,6.1,0.0,2026-05-27T10:27:41.928730+00:00
609,Danial Eiri,,3.5,0.0,2026-05-27T10:27:41.928730+00:00
608,Aria Yousefi,,3.5,0.0,2026-05-27T10:27:41.928730+00:00
606,Ali Nemati,,3.5,0.0,2026-05-27T10:27:41.928730+00:00
603,Saleh Hardani,,3.7,0.0,2026-05-27T10:27:41.928730+00:00
601,Ehsan Hajisafi,,3.7,0.0,2026-05-27T10:27:41.928730+00:00
600,Shoja Khalilzadeh,,3.8,0.0,2026-05-27T10:27:41.928730+00:00
599,Milad Mohammadi,,3.8,0.0,2026-05-27T10:27:41.928730+00:00
598,Hossein Kanani,,3.9,0.0,2026-05-27T10:27:41.928730+00:00
597,Ramin Rezaeian,,4.0,0.0,2026-05-27T10:27:41.928730+00:00
596,Mohammad Ghorbani,,5.1,0.0,2026-05-27T10:27:41.928730+00:00
595,Hadi Habibinejad,,4.7,0.0,2026-05-27T10:27:41.928730+00:00
594,Amir Mohammad Razzaghinia,,4.2,0.0,2026-05-27T10:27:41.928730+00:00
593,Josué Duverger,,3.5,0.0,2026-05-27T10:27:41.928730+00:00
592,Alexandre Pierre,,3.6,0.0,2026-05-27T10:27:41.928730+00:00
591,Johny Placide,,3.9,0.0,2026-05-27T10:27:41.928730+00:00
590,Ruben Providence,,4.0,0.0,2026-05-27T10:27:41.928730+00:00
589,Josué Casimir,,4.2,0.0,2026-05-27T10:27:41.928730+00:00
588,Yassin Fortuné,,4.2,0.0,2026-05-27T10:27:41.928730+00:00
586,Louicius Deedson,,4.2,0.0,2026-05-27T10:27:41.928730+00:00
585,Derrick Etienne,,4.4,0.0,2026-05-27T10:27:41.928730+00:00
584,Frantzdy Pierrot,,4.7,0.0,2026-05-27T10:27:41.928730+00:00
583,Duckens Nazon,,6.0,0.0,2026-05-27T10:27:41.928730+00:00
582,Wilson Isidor,,5.0,0.0,2026-05-27T10:27:41.928730+00:00
581,Duke Lacroix,,3.5,0.0,2026-05-27T10:27:41.928730+00:00
580,Wilguens Paugain,,3.5,0.0,2026-05-27T10:27:41.928730+00:00
578,Martin Expérience,,3.5,0.0,2026-05-27T10:27:41.928730+00:00
577,Ricardo Adé,,3.5,0.0,2026-05-27T10:27:41.928730+00:00
576,Hannes Delcroix,,3.7,0.0,2026-05-27T10:27:41.928730+00:00
575,Carlens Arcus,,3.8,0.0,2026-05-27T10:27:41.928730+00:00
574,Jean-Kévin Duverne,,3.8,0.0,2026-05-27T10:27:41.928730+00:00
573,Danley Jean Jacques,,4.7,0.0,2026-05-27T10:27:41.928730+00:00
572,Carl Sainté,,4.7,0.0,2026-05-27T10:27:41.928730+00:00
571,Jean-Ricner Bellegarde,,4.7,0.0,2026-05-27T10:27:41.928730+00:00
570,Leverton Pierre,,4.2,0.0,2026-05-27T10:27:41.928730+00:00
569,Woodensky Pierre,,4.2,0.0,2026-05-27T10:27:41.928730+00:00
565,Benjamin Asare,,3.8,0.0,2026-05-27T10:27:41.928730+00:00
543,Florian Wirtz,,7.5,0.0,2026-05-27T10:27:41.928730+00:00
542,Joshua Kimmich,,5.5,0.0,2026-05-27T10:27:41.928730+00:00
540,Leon Goretzka,,6.1,0.0,2026-05-27T10:27:41.928730+00:00
538,Pascal Groß,,5.6,0.0,2026-05-27T10:27:41.928730+00:00
534,Oliver Baumann,,4.3,0.0,2026-05-27T10:27:41.928730+00:00
533,Alexander Nübel,,4.7,0.0,2026-05-27T10:27:41.928730+00:00
532,Nick Woltemade,,7.2,0.0,2026-05-27T10:27:41.928730+00:00
531,Deniz Undav,,6.6,0.0,2026-05-27T10:27:41.928730+00:00
529,Leroy Sané,,7.4,0.0,2026-05-27T10:27:41.928730+00:00
528,Kai Havertz,,7.8,0.0,2026-05-27T10:27:41.928730+00:00
527,Waldemar Anton,,3.9,0.0,2026-05-27T10:27:41.928730+00:00
526,Nico Schlotterbeck,,5.3,0.0,2026-05-27T10:27:41.928730+00:00
525,Nathaniel Brown,,4.7,0.0,2026-05-27T10:27:41.928730+00:00
523,Jonathan Tah,,5.3,0.0,2026-05-27T10:27:41.928730+00:00
522,Malick Thiaw,,4.7,0.0,2026-05-27T10:27:41.928730+00:00
521,David Raum,,4.9,0.0,2026-05-27T10:27:41.928730+00:00
520,Antonio Rüdiger,,5.5,0.0,2026-05-27T10:27:41.928730+00:00
519,Angelo Stiller,,5.8,0.0,2026-05-27T10:27:41.928730+00:00
518,Lennart Karl,,4.8,0.0,2026-05-27T10:27:41.928730+00:00
517,Michael Olise,,9.5,0.0,2026-05-27T10:27:41.928730+00:00
516,Rayan Cherki,,8.0,0.0,2026-05-27T10:27:41.928730+00:00
515,Aurélien Tchouaméni,,6.5,0.0,2026-05-27T10:27:41.928730+00:00
514,Maghnes Akliouche,,6.4,0.0,2026-05-27T10:27:41.928730+00:00
512,Manu Koné,,6.1,0.0,2026-05-27T10:27:41.928730+00:00
511,Warren Zaïre-Emery,,6.1,0.0,2026-05-27T10:27:41.928730+00:00
510,Adrien Rabiot,,6.4,0.0,2026-05-27T10:27:41.928730+00:00
509,N'Golo Kanté,,5.1,0.0,2026-05-27T10:27:41.928730+00:00
508,Brice Samba,,4.5,0.0,2026-05-27T10:27:41.928730+00:00
506,Mike Maignan,,5.0,0.0,2026-05-27T10:27:41.928730+00:00
505,Désiré Doué,,7.5,0.0,2026-05-27T10:27:41.928730+00:00
502,Marcus Thuram,,7.5,0.0,2026-05-27T10:27:41.928730+00:00
501,Ousmane Dembélé,,10.0,0.0,2026-05-27T10:27:41.928730+00:00
500,Kylian Mbappé,,10.5,0.0,2026-05-27T10:27:41.928730+00:00
499,Malo Gusto,,5.1,0.0,2026-05-27T10:27:41.928730+00:00
498,Lucas Digne,,5.0,0.0,2026-05-27T10:27:41.928730+00:00
496,Lucas Hernández,,5.2,0.0,2026-05-27T10:27:41.928730+00:00
495,Ibrahima Konaté,,4.9,0.0,2026-05-27T10:27:41.928730+00:00
494,Dayot Upamecano,,5.3,0.0,2026-05-27T10:27:41.928730+00:00
493,Maxence Lacroix,,4.5,0.0,2026-05-27T10:27:41.928730+00:00
492,Theo Hernández,,5.0,0.0,2026-05-27T10:27:41.928730+00:00
491,Jude Bellingham,,8.3,0.0,2026-05-27T10:27:41.928730+00:00
488,Declan Rice,,7.0,0.0,2026-05-27T10:27:41.928730+00:00
486,Elliot Anderson,,6.5,0.0,2026-05-27T10:27:41.928730+00:00
485,Kobbie Mainoo,,6.1,0.0,2026-05-27T10:27:41.928730+00:00
482,Jordan Henderson,,5.1,0.0,2026-05-27T10:27:41.928730+00:00
479,James Trafford,,4.0,0.0,2026-05-27T10:27:41.928730+00:00
478,Dean Henderson,,4.2,0.0,2026-05-27T10:27:41.928730+00:00
477,Jordan Pickford,,4.8,0.0,2026-05-27T10:27:41.928730+00:00
476,Noni Madueke,,6.1,0.0,2026-05-27T10:27:41.928730+00:00
475,Morgan Rogers,,7.2,0.0,2026-05-27T10:27:41.928730+00:00
474,Anthony Gordon,,7.0,0.0,2026-05-27T10:27:41.928730+00:00
471,Marcus Rashford,,7.5,0.0,2026-05-27T10:27:41.928730+00:00
469,Bukayo Saka,,9.5,0.0,2026-05-27T10:27:41.928730+00:00
468,Harry Kane,,10.5,0.0,2026-05-27T10:27:41.928730+00:00
467,Djed Spence,,4.5,0.0,2026-05-27T10:27:41.928730+00:00
466,John Stones,,4.6,0.0,2026-05-27T10:27:41.928730+00:00
463,Ezri Konsa,,4.8,0.0,2026-05-27T10:27:41.928730+00:00
462,Dan Burn,,4.5,0.0,2026-05-27T10:27:41.928730+00:00
461,Marc Guéhi,,5.1,0.0,2026-05-27T10:27:41.928730+00:00
459,Tino Livramento,,4.6,0.0,2026-05-27T10:27:41.928730+00:00
457,Nico O'Reilly,,4.7,0.0,2026-05-27T10:27:41.928730+00:00
456,Ibrahim Adel,,5.9,0.0,2026-05-27T10:27:41.928730+00:00
455,Mohanad Lasheen,,5.3,0.0,2026-05-27T10:27:41.928730+00:00
454,Mohamed Alaa,,3.5,0.0,2026-05-27T10:27:41.928730+00:00
453,Mostafa Shobeir,,3.5,0.0,2026-05-27T10:27:41.928730+00:00
452,El Mahdy Soliman,,3.6,0.0,2026-05-27T10:27:41.928730+00:00
451,Mohamed El Shenawy,,3.6,0.0,2026-05-27T10:27:41.928730+00:00
448,Haissem Hassan,,4.6,0.0,2026-05-27T10:27:41.928730+00:00
447,Trezeguet,,5.6,0.0,2026-05-27T10:27:41.928730+00:00
445,Omar Marmoush,,7.8,0.0,2026-05-27T10:27:41.928730+00:00
444,Yasser Ibrahim,,3.5,0.0,2026-05-27T10:27:41.928730+00:00
442,Tarek Alaa,,3.5,0.0,2026-05-27T10:27:41.928730+00:00
441,Hossam Abdelmaguid,,3.6,0.0,2026-05-27T10:27:41.928730+00:00
440,Ramy Rabia,,3.6,0.0,2026-05-27T10:27:41.928730+00:00
439,Mohamed Hany,,3.6,0.0,2026-05-27T10:27:41.928730+00:00
438,Ahmed Fatouh,,3.9,0.0,2026-05-27T10:27:41.928730+00:00
437,Mohamed Abdelmonem,,4.0,0.0,2026-05-27T10:27:41.928730+00:00
436,Mahmoud Saber,,4.9,0.0,2026-05-27T10:27:41.928730+00:00
435,Emam Ashour,,4.6,0.0,2026-05-27T10:27:41.928730+00:00
434,Hamdi Fathy,,4.4,0.0,2026-05-27T10:27:41.928730+00:00
433,Zizo,,4.3,0.0,2026-05-27T10:27:41.928730+00:00
432,Marwan Attia,,4.3,0.0,2026-05-27T10:27:41.928730+00:00
430,Moisés Caicedo,,6.8,0.0,2026-05-27T10:27:41.928730+00:00
429,Pedro Vite,,5.2,0.0,2026-05-27T10:27:41.928730+00:00
428,Alan Franco,,5.6,0.0,2026-05-27T10:27:41.928730+00:00
427,Kendry Páez,,5.2,0.0,2026-05-27T10:27:41.928730+00:00
425,Gonzalo Valle,,3.6,0.0,2026-05-27T10:27:41.928730+00:00
424,Moisés Ramírez,,3.9,0.0,2026-05-27T10:27:41.928730+00:00
423,Hernán Galíndez,,4.2,0.0,2026-05-27T10:27:41.928730+00:00
421,Jeremy Arévalo,,4.0,0.0,2026-05-27T10:27:41.928730+00:00
420,Anthony Valencia,,4.2,0.0,2026-05-27T10:27:41.928730+00:00
419,John Mercado,,4.4,0.0,2026-05-27T10:27:41.928730+00:00
417,Jordy Caicedo,,4.9,0.0,2026-05-27T10:27:41.928730+00:00
416,Alan Minda,,4.9,0.0,2026-05-27T10:27:41.928730+00:00
415,Kevin Rodríguez,,4.9,0.0,2026-05-27T10:27:41.928730+00:00
414,John Yeboah,,5.1,0.0,2026-05-27T10:27:41.928730+00:00
413,Gonzalo Plata,,5.6,0.0,2026-05-27T10:27:41.928730+00:00
412,Enner Valencia,,5.9,0.0,2026-05-27T10:27:41.928730+00:00
411,Yaimar Medina,,3.5,0.0,2026-05-27T10:27:41.928730+00:00
407,Jackson Porozo,,3.8,0.0,2026-05-27T10:27:41.928730+00:00
406,José Hurtado,,3.9,0.0,2026-05-27T10:27:41.928730+00:00
405,Félix Torres,,3.9,0.0,2026-05-27T10:27:41.928730+00:00
404,Joel Ordóñez,,3.9,0.0,2026-05-27T10:27:41.928730+00:00
403,Ángelo Preciado,,4.3,0.0,2026-05-27T10:27:41.928730+00:00
400,Pervis Estupiñán,,4.8,0.0,2026-05-27T10:27:41.928730+00:00
399,Jordy Alcívar,,4.9,0.0,2026-05-27T10:27:41.928730+00:00
398,Denil Castillo,,4.9,0.0,2026-05-27T10:27:41.928730+00:00
397,Pavel Sulc,,5.9,0.0,2026-05-27T10:27:41.928730+00:00
396,Lukás Provod,,5.9,0.0,2026-05-27T10:27:41.928730+00:00
395,Michal Sadílek,,5.6,0.0,2026-05-27T10:27:41.928730+00:00
393,Tomás Soucek,,5.6,0.0,2026-05-27T10:27:41.928730+00:00
392,Pavel Bucha,,5.5,0.0,2026-05-27T10:27:41.928730+00:00
391,Vladimír Darida,,5.3,0.0,2026-05-27T10:27:41.928730+00:00
390,Lukás Cerv,,5.3,0.0,2026-05-27T10:27:41.928730+00:00
388,Lukás Hornícek,,3.8,0.0,2026-05-27T10:27:41.928730+00:00
387,Matej Kovár,,4.1,0.0,2026-05-27T10:27:41.928730+00:00
386,Tomás Ladra,,4.4,0.0,2026-05-27T10:27:41.928730+00:00
384,Mojmír Chytil,,4.9,0.0,2026-05-27T10:27:41.928730+00:00
383,Tomás Chory,,5.3,0.0,2026-05-27T10:27:41.928730+00:00
382,Patrik Schick,,7.3,0.0,2026-05-27T10:27:41.928730+00:00
381,Stepán Chaloupek,,3.5,0.0,2026-05-27T10:27:41.928730+00:00
380,Vladimír Coufal,,3.6,0.0,2026-05-27T10:27:41.928730+00:00
379,Jaroslav Zeleny,,3.9,0.0,2026-05-27T10:27:41.928730+00:00
378,Robin Hranác,,3.9,0.0,2026-05-27T10:27:41.928730+00:00
376,David Jurásek,,3.9,0.0,2026-05-27T10:27:41.928730+00:00
375,Tomás Holes,,3.9,0.0,2026-05-27T10:27:41.928730+00:00
374,Ladislav Krejcí,,4.4,0.0,2026-05-27T10:27:41.928730+00:00
373,Denis Visinsky,,4.9,0.0,2026-05-27T10:27:41.928730+00:00
372,Juninho Bacuna,,5.1,0.0,2026-05-27T10:27:41.928730+00:00
371,Kevin Felida,,4.5,0.0,2026-05-27T10:27:41.928730+00:00
370,Tyrick Bodak,,3.5,0.0,2026-05-27T10:27:41.928730+00:00
369,Trevor Doornbusch,,3.6,0.0,2026-05-27T10:27:41.928730+00:00
368,Eloy Room,,3.9,0.0,2026-05-27T10:27:41.928730+00:00
367,Jeremy Antonisse,,4.0,0.0,2026-05-27T10:27:41.928730+00:00
366,Gervane Kastaneer,,4.0,0.0,2026-05-27T10:27:41.928730+00:00
365,Jearl Margaritha,,4.2,0.0,2026-05-27T10:27:41.928730+00:00
364,Kenji Gorré,,4.2,0.0,2026-05-27T10:27:41.928730+00:00
363,Sontje Hansen,,4.4,0.0,2026-05-27T10:27:41.928730+00:00
362,Brandley Kuwas,,4.4,0.0,2026-05-27T10:27:41.928730+00:00
361,Tyrese Noslin,,3.5,0.0,2026-05-27T10:27:41.928730+00:00
360,Livano Comenencia,,4.5,0.0,2026-05-27T10:27:41.928730+00:00
359,Juriën Gaari,,3.5,0.0,2026-05-27T10:27:41.928730+00:00
358,Ar'Jany Martha,,3.5,0.0,2026-05-27T10:27:41.928730+00:00
357,Roshon van Eijma,,3.5,0.0,2026-05-27T10:27:41.928730+00:00
356,Sherel Floranus,,3.6,0.0,2026-05-27T10:27:41.928730+00:00
355,Shurandy Sambo,,3.6,0.0,2026-05-27T10:27:41.928730+00:00
354,Joshua Brenet,,3.7,0.0,2026-05-27T10:27:41.928730+00:00
353,Riechedly Bazoer,,3.8,0.0,2026-05-27T10:27:41.928730+00:00
352,Leandro Bacuna,,4.0,0.0,2026-05-27T10:27:41.928730+00:00
351,Godfried Roemeratoe,,4.7,0.0,2026-05-27T10:27:41.928730+00:00
350,Tahith Chong,,4.2,0.0,2026-05-27T10:27:41.928730+00:00
348,Martin Baturina,,6.5,0.0,2026-05-27T10:27:41.928730+00:00
347,Mario Pasalic,,6.4,0.0,2026-05-27T10:27:41.928730+00:00
346,Luka Modric,,6.2,0.0,2026-05-27T10:27:41.928730+00:00
345,Nikola Vlasic,,6.1,0.0,2026-05-27T10:27:41.928730+00:00
344,Kristijan Jakic,,5.6,0.0,2026-05-27T10:27:41.928730+00:00
343,Nikola Moro,,5.6,0.0,2026-05-27T10:27:41.928730+00:00
342,Toni Fruk,,4.9,0.0,2026-05-27T10:27:41.928730+00:00
341,Luka Sucic,,4.9,0.0,2026-05-27T10:27:41.928730+00:00
339,Ivor Pandur,,3.9,0.0,2026-05-27T10:27:41.928730+00:00
338,Dominik Livakovic,,4.5,0.0,2026-05-27T10:27:41.928730+00:00
337,Igor Matanovic,,4.9,0.0,2026-05-27T10:27:41.928730+00:00
336,Petar Musa,,5.1,0.0,2026-05-27T10:27:41.928730+00:00
335,Marco Pasalic,,5.3,0.0,2026-05-27T10:27:41.928730+00:00
334,Ivan Perisic,,5.4,0.0,2026-05-27T10:27:41.928730+00:00
333,Andrej Kramaric,,6.2,0.0,2026-05-27T10:27:41.928730+00:00
332,Ante Budimir,,6.8,0.0,2026-05-27T10:27:41.928730+00:00
330,Luka Vuskovic,,3.7,0.0,2026-05-27T10:27:41.928730+00:00
329,Martin Erlic,,3.9,0.0,2026-05-27T10:27:41.928730+00:00
328,Marin Pongracic,,4.0,0.0,2026-05-27T10:27:41.928730+00:00
327,Duje Caleta-Car,,4.0,0.0,2026-05-27T10:27:41.928730+00:00
326,Josip Sutalo,,4.3,0.0,2026-05-27T10:27:41.928730+00:00
325,Josip Stanisic,,4.3,0.0,2026-05-27T10:27:41.928730+00:00
324,Petar Sucic,,4.2,0.0,2026-05-27T10:27:41.928730+00:00
323,Seko Fofana,,6.8,0.0,2026-05-27T10:27:41.928730+00:00
322,Franck Kessie,,5.9,0.0,2026-05-27T10:27:41.928730+00:00
321,Ibrahim Sangaré,,5.8,0.0,2026-05-27T10:27:41.928730+00:00
320,Jean Michaël Seri,,5.5,0.0,2026-05-27T10:27:41.928730+00:00
319,Parfait Guiagon,,4.9,0.0,2026-05-27T10:27:41.928730+00:00
318,Mohamed Koné,,3.7,0.0,2026-05-27T10:27:41.928730+00:00
317,Yahia Fofana,,4.2,0.0,2026-05-27T10:27:41.928730+00:00
316,Alban Lafont,,4.1,0.0,2026-05-27T10:27:41.928730+00:00
314,Bazoumana Touré,,4.5,0.0,2026-05-27T10:27:41.928730+00:00
312,Evann Guessand,,5.3,0.0,2026-05-27T10:27:41.928730+00:00
311,Simon Adingra,,5.6,0.0,2026-05-27T10:27:41.928730+00:00
310,Amad Diallo,,5.9,0.0,2026-05-27T10:27:41.928730+00:00
309,Elye Wahi,,5.9,0.0,2026-05-27T10:27:41.928730+00:00
308,Nicolas Pépé,,5.9,0.0,2026-05-27T10:27:41.928730+00:00
307,Yan Diomande,,5.9,0.0,2026-05-27T10:27:41.928730+00:00
306,Clément Akpa,,3.6,0.0,2026-05-27T10:27:41.928730+00:00
305,Ghislain Konan,,4.0,0.0,2026-05-27T10:27:41.928730+00:00
304,Emmanuel Agbadou,,3.9,0.0,2026-05-27T10:27:41.928730+00:00
303,Guéla Doué,,3.9,0.0,2026-05-27T10:27:41.928730+00:00
302,Odilon Kossounou,,4.3,0.0,2026-05-27T10:27:41.928730+00:00
301,Ousmane Diomande,,4.3,0.0,2026-05-27T10:27:41.928730+00:00
300,Wilfried Singo,,4.4,0.0,2026-05-27T10:27:41.928730+00:00
299,Evan Ndicka,,4.4,0.0,2026-05-27T10:27:41.928730+00:00
298,Christ Inao Oulaï,,4.6,0.0,2026-05-27T10:27:41.928730+00:00
297,Théo Bongonda,,6.2,0.0,2026-05-27T10:27:41.928730+00:00
296,Edo Kayembe,,5.6,0.0,2026-05-27T10:27:41.928730+00:00
295,Charles Pickel,,5.3,0.0,2026-05-27T10:27:41.928730+00:00
294,Noah Sadiki,,5.3,0.0,2026-05-27T10:27:41.928730+00:00
293,Samuel Moutoussamy,,5.1,0.0,2026-05-27T10:27:41.928730+00:00
292,Ngal'ayel Mukau,,4.9,0.0,2026-05-27T10:27:41.928730+00:00
291,Timothy Fayulu,,3.6,0.0,2026-05-27T10:27:41.928730+00:00
290,Matthieu Epolo,,3.7,0.0,2026-05-27T10:27:41.928730+00:00
289,Lionel Mpasi,,4.0,0.0,2026-05-27T10:27:41.928730+00:00
288,Brian Cipenga,,4.2,0.0,2026-05-27T10:27:41.928730+00:00
287,Nathanaël Mbuku,,4.5,0.0,2026-05-27T10:27:41.928730+00:00
285,Fiston Mayele,,4.9,0.0,2026-05-27T10:27:41.928730+00:00
284,Meschack Elia,,4.9,0.0,2026-05-27T10:27:41.928730+00:00
283,Cédric Bakambu,,6.5,0.0,2026-05-27T10:27:41.928730+00:00
282,Simon Banza,,5.6,0.0,2026-05-27T10:27:41.928730+00:00
281,Yoane Wissa,,6.2,0.0,2026-05-27T10:27:41.928730+00:00
278,Steve Kapuadi,,3.7,0.0,2026-05-27T10:27:41.928730+00:00
277,Dylan Batubinsika,,3.8,0.0,2026-05-27T10:27:41.928730+00:00
276,Joris Kayembe,,3.9,0.0,2026-05-27T10:27:41.928730+00:00
275,Axel Tuanzebe,,4.0,0.0,2026-05-27T10:27:41.928730+00:00
274,Chancel Mbemba,,4.2,0.0,2026-05-27T10:27:41.928730+00:00
273,Arthur Masuaku,,4.2,0.0,2026-05-27T10:27:41.928730+00:00
272,Aaron Wan-Bissaka,,4.3,0.0,2026-05-27T10:27:41.928730+00:00
271,Jorge Carrascal,,6.1,0.0,2026-05-27T10:27:41.928730+00:00
270,James Rodríguez,,6.5,0.0,2026-05-27T10:27:41.928730+00:00
269,Jhon Arias,,6.3,0.0,2026-05-27T10:27:41.928730+00:00
268,Jaminton Campaz,,5.5,0.0,2026-05-27T10:27:41.928730+00:00
267,Juan Fernando Quintero,,5.6,0.0,2026-05-27T10:27:41.928730+00:00
266,Gustavo Puerta,,5.3,0.0,2026-05-27T10:27:41.928730+00:00
265,Jefferson Lerma,,4.9,0.0,2026-05-27T10:27:41.928730+00:00
264,Álvaro Montero,,3.8,0.0,2026-05-27T10:27:41.928730+00:00
263,David Ospina,,4.0,0.0,2026-05-27T10:27:41.928730+00:00
262,Camilo Vargas,,4.3,0.0,2026-05-27T10:27:41.928730+00:00
261,Andrés Gómez,,4.9,0.0,2026-05-27T10:27:41.928730+00:00
259,Luis Suárez,,5.7,0.0,2026-05-27T10:27:41.928730+00:00
257,Jhon Córdoba,,6.1,0.0,2026-05-27T10:27:41.928730+00:00
256,Luis Díaz,,8.1,0.0,2026-05-27T10:27:41.928730+00:00
253,Santiago Arias,,3.9,0.0,2026-05-27T10:27:41.928730+00:00
252,Johan Mojica,,3.9,0.0,2026-05-27T10:27:41.928730+00:00
251,Déiver Machado,,3.9,0.0,2026-05-27T10:27:41.928730+00:00
250,Dávinson Sánchez,,4.3,0.0,2026-05-27T10:27:41.928730+00:00
249,Jhon Lucumí,,4.3,0.0,2026-05-27T10:27:41.928730+00:00
248,Daniel Muñoz,,4.6,0.0,2026-05-27T10:27:41.928730+00:00
247,Richard Ríos,,4.7,0.0,2026-05-27T10:27:41.928730+00:00
246,Kevin Castaño,,4.3,0.0,2026-05-27T10:27:41.928730+00:00
245,Ismaël Koné,,6.0,0.0,2026-05-27T10:27:41.928730+00:00
244,Marcelo Flores,,5.7,0.0,2026-05-27T10:27:41.928730+00:00
243,Jonathan Osorio,,5.6,0.0,2026-05-27T10:27:41.928730+00:00
242,Mathieu Choinière,,5.3,0.0,2026-05-27T10:27:41.928730+00:00
241,Nathan Saliba,,5.1,0.0,2026-05-27T10:27:41.928730+00:00
240,Niko Sigur,,4.9,0.0,2026-05-27T10:27:41.928730+00:00
239,Ralph Priso,,4.9,0.0,2026-05-27T10:27:41.928730+00:00
238,Ali Ahmed,,4.9,0.0,2026-05-27T10:27:41.928730+00:00
237,Owen Goodman,,3.5,0.0,2026-05-27T10:27:41.928730+00:00
236,Dayne St. Clair,,3.8,0.0,2026-05-27T10:27:41.928730+00:00
235,Maxime Crépeau,,4.0,0.0,2026-05-27T10:27:41.928730+00:00
233,Daniel Jebbison,,4.2,0.0,2026-05-27T10:27:41.928730+00:00
232,Jacen Russell-Rowe,,4.5,0.0,2026-05-27T10:27:41.928730+00:00
230,Tani Oluwaseyi,,4.9,0.0,2026-05-27T10:27:41.928730+00:00
229,Liam Millar,,5.1,0.0,2026-05-27T10:27:41.928730+00:00
228,Tajon Buchanan,,5.5,0.0,2026-05-27T10:27:41.928730+00:00
227,Cyle Larin,,6.2,0.0,2026-05-27T10:27:41.928730+00:00
226,Jonathan David,,7.0,0.0,2026-05-27T10:27:41.928730+00:00
225,Luc De Fougerolles,,3.5,0.0,2026-05-27T10:27:41.928730+00:00
223,Joel Waterman,,3.7,0.0,2026-05-27T10:27:41.928730+00:00
221,Derek Cornelius,,4.0,0.0,2026-05-27T10:27:41.928730+00:00
220,Richie Laryea,,3.9,0.0,2026-05-27T10:27:41.928730+00:00
219,Laros Duarte,,5.1,0.0,2026-05-27T10:27:41.928730+00:00
218,Deroy Duarte,,4.9,0.0,2026-05-27T10:27:41.928730+00:00
217,Telmo Arcanjo,,4.9,0.0,2026-05-27T10:27:41.928730+00:00
216,Márcio da Rosa,,3.5,0.0,2026-05-27T10:27:41.928730+00:00
215,CJ dos Santos,,3.6,0.0,2026-05-27T10:27:41.928730+00:00
214,Vozinha,,3.9,0.0,2026-05-27T10:27:41.928730+00:00
211,Willy Semedo,,4.5,0.0,2026-05-27T10:27:41.928730+00:00
210,Garry Rodrigues,,4.7,0.0,2026-05-27T10:27:41.928730+00:00
209,Nuno da Costa,,4.7,0.0,2026-05-27T10:27:41.928730+00:00
208,Dailon Livramento,,4.9,0.0,2026-05-27T10:27:41.928730+00:00
207,Jovane Cabral,,4.9,0.0,2026-05-27T10:27:41.928730+00:00
206,Ryan Mendes,,4.9,0.0,2026-05-27T10:27:41.928730+00:00
205,Diney,,3.5,0.0,2026-05-27T10:27:41.928730+00:00
203,Sidny Cabral,,3.5,0.0,2026-05-27T10:27:41.928730+00:00
202,Kelvin Pires,,3.6,0.0,2026-05-27T10:27:41.928730+00:00
201,Pico,,3.7,0.0,2026-05-27T10:27:41.928730+00:00
200,Wagner Pina,,3.8,0.0,2026-05-27T10:27:41.928730+00:00
199,Steven Moreira,,3.9,0.0,2026-05-27T10:27:41.928730+00:00
198,Kevin Pina,,4.7,0.0,2026-05-27T10:27:41.928730+00:00
196,Yannick Semedo,,4.7,0.0,2026-05-27T10:27:41.928730+00:00
195,João Paulo,,4.6,0.0,2026-05-27T10:27:41.928730+00:00
190,Lucas Paquetá,,6.5,0.0,2026-05-27T10:27:41.928730+00:00
188,Casemiro,,6.3,0.0,2026-05-27T10:27:41.928730+00:00
187,Danilo,,5.6,0.0,2026-05-27T10:27:41.928730+00:00
186,Fabinho,,5.2,0.0,2026-05-27T10:27:41.928730+00:00
183,Alisson Becker,,5.0,0.0,2026-05-27T10:27:41.928730+00:00
182,Ederson,,5.0,0.0,2026-05-27T10:27:41.928730+00:00
181,Endrick,,5.5,0.0,2026-05-27T10:27:41.928730+00:00
179,Rayan,,5.6,0.0,2026-05-27T10:27:41.928730+00:00
178,Igor Thiago,,5.9,0.0,2026-05-27T10:27:41.928730+00:00
177,Luiz Henrique,,6.1,0.0,2026-05-27T10:27:41.928730+00:00
176,Gabriel Martinelli,,6.5,0.0,2026-05-27T10:27:41.928730+00:00
174,Matheus Cunha,,7.3,0.0,2026-05-27T10:27:41.928730+00:00
173,Vinícius Júnior,,10.0,0.0,2026-05-27T10:27:41.928730+00:00
170,Léo Pereira,,4.2,0.0,2026-05-27T10:27:41.928730+00:00
169,Bremer,,4.3,0.0,2026-05-27T10:27:41.928730+00:00
168,Douglas Santos,,4.3,0.0,2026-05-27T10:27:41.928730+00:00
167,Danilo,,4.3,0.0,2026-05-27T10:27:41.928730+00:00
166,Ibañez,,4.4,0.0,2026-05-27T10:27:41.928730+00:00
165,Marquinhos,,5.2,0.0,2026-05-27T10:27:41.928730+00:00
164,Gabriel Magalhães,,5.5,0.0,2026-05-27T10:27:41.928730+00:00
162,Amir Hadziahmetovic,,5.5,0.0,2026-05-27T10:27:41.928730+00:00
161,Benjamin Tahirovic,,5.3,0.0,2026-05-27T10:27:41.928730+00:00
160,Ivan Basic,,5.1,0.0,2026-05-27T10:27:41.928730+00:00
159,Armin Gigovic,,5.1,0.0,2026-05-27T10:27:41.928730+00:00
158,Ivan Sunjic,,5.1,0.0,2026-05-27T10:27:41.928730+00:00
157,Dzenis Burnic,,4.9,0.0,2026-05-27T10:27:41.928730+00:00
156,Amar Memic,,4.7,0.0,2026-05-27T10:27:41.928730+00:00
155,Martin Zlomislic,,3.5,0.0,2026-05-27T10:27:41.928730+00:00
154,Osman Hadzikic,,3.6,0.0,2026-05-27T10:27:41.928730+00:00
153,Nikola Vasilj,,4.0,0.0,2026-05-27T10:27:41.928730+00:00
152,Kerim Alajbegovic,,4.2,0.0,2026-05-27T10:27:41.928730+00:00
151,Samed Bazdar,,4.5,0.0,2026-05-27T10:27:41.928730+00:00
150,Esmir Bajraktarevic,,4.7,0.0,2026-05-27T10:27:41.928730+00:00
149,Haris Tabakovic,,5.1,0.0,2026-05-27T10:27:41.928730+00:00
148,Jovo Lukic,,5.6,0.0,2026-05-27T10:27:41.928730+00:00
147,Edin Dzeko,,6.1,0.0,2026-05-27T10:27:41.928730+00:00
146,Ermedin Demirovic,,6.2,0.0,2026-05-27T10:27:41.928730+00:00
145,Nidal Celik,,3.5,0.0,2026-05-27T10:27:41.928730+00:00
144,Nihad Mujakic,,3.6,0.0,2026-05-27T10:27:41.928730+00:00
143,Stjepan Radeljic,,3.7,0.0,2026-05-27T10:27:41.928730+00:00
142,Nikola Katic,,3.8,0.0,2026-05-27T10:27:41.928730+00:00
141,Tarik Muharemovic,,3.9,0.0,2026-05-27T10:27:41.928730+00:00
140,Amar Dedic,,4.3,0.0,2026-05-27T10:27:41.928730+00:00
139,Sead Kolasinac,,4.3,0.0,2026-05-27T10:27:41.928730+00:00
138,Kevin De Bruyne,,7.5,0.0,2026-05-27T10:27:41.928730+00:00
137,Youri Tielemans,,6.1,0.0,2026-05-27T10:27:41.928730+00:00
136,Amadou Onana,,5.9,0.0,2026-05-27T10:27:41.928730+00:00
135,Nicolas Raskin,,5.3,0.0,2026-05-27T10:27:41.928730+00:00
132,Senne Lammens,,4.6,0.0,2026-05-27T10:27:41.928730+00:00
129,Charles De Ketelaere,,5.6,0.0,2026-05-27T10:27:41.928730+00:00
128,Alexis Saelemaekers,,5.7,0.0,2026-05-27T10:27:41.928730+00:00
127,Dodi Lukébakio,,5.9,0.0,2026-05-27T10:27:41.928730+00:00
125,Jérémy Doku,,7.5,0.0,2026-05-27T10:27:41.928730+00:00
124,Romelu Lukaku,,7.4,0.0,2026-05-27T10:27:41.928730+00:00
123,Nathan Ngoy,,3.7,0.0,2026-05-27T10:27:41.928730+00:00
122,Joaquin Seys,,3.9,0.0,2026-05-27T10:27:41.928730+00:00
121,Brandon Mechele,,3.9,0.0,2026-05-27T10:27:41.928730+00:00
120,Koni De Winter,,4.2,0.0,2026-05-27T10:27:41.928730+00:00
119,Axel Witsel,,5.0,0.0,2026-05-27T10:27:41.928730+00:00
118,Zeno Debast,,4.3,0.0,2026-05-27T10:27:41.928730+00:00
117,Thomas Meunier,,4.8,0.0,2026-05-27T10:27:41.928730+00:00
116,Arthur Theate,,4.5,0.0,2026-05-27T10:27:41.928730+00:00
115,Timothy Castagne,,4.7,0.0,2026-05-27T10:27:41.928730+00:00
114,Maxim De Cuyper,,4.7,0.0,2026-05-27T10:27:41.928730+00:00
112,Christoph Baumgartner,,6.7,0.0,2026-05-27T10:27:41.928730+00:00
111,Xaver Schlager,,5.5,0.0,2026-05-27T10:27:41.928730+00:00
110,Paul Wanner,,5.6,0.0,2026-05-27T10:27:41.928730+00:00
109,Patrick Wimmer,,6.0,0.0,2026-05-27T10:27:41.928730+00:00
108,Romano Schmid,,6.0,0.0,2026-05-27T10:27:41.928730+00:00
107,Marcel Sabitzer,,6.8,0.0,2026-05-27T10:27:41.928730+00:00
106,Nicolas Seiwald,,5.6,0.0,2026-05-27T10:27:41.928730+00:00
105,Florian Grillitsch,,5.5,0.0,2026-05-27T10:27:41.928730+00:00
104,Alessandro Schöpf,,5.3,0.0,2026-05-27T10:27:41.928730+00:00
103,Konrad Laimer,,5.8,0.0,2026-05-27T10:27:41.928730+00:00
102,Carney Chukwuemeka,,5.0,0.0,2026-05-27T10:27:41.928730+00:00
101,Florian Wiegele,,3.5,0.0,2026-05-27T10:27:41.928730+00:00
99,Patrick Pentz,,4.6,0.0,2026-05-27T10:27:41.928730+00:00
98,Alexander Schlager,,4.6,0.0,2026-05-27T10:27:41.928730+00:00
97,Sasa Kalajdzic,,6.0,0.0,2026-05-27T10:27:41.928730+00:00
96,Michael Gregoritsch,,6.0,0.0,2026-05-27T10:27:41.928730+00:00
95,Marko Arnautovic,,6.0,0.0,2026-05-27T10:27:41.928730+00:00
94,Michael Svoboda,,3.8,0.0,2026-05-27T10:27:41.928730+00:00
93,David Affengruber,,3.9,0.0,2026-05-27T10:27:41.928730+00:00
92,Marco Friedl,,4.3,0.0,2026-05-27T10:27:41.928730+00:00
91,Phillipp Mwene,,3.9,0.0,2026-05-27T10:27:41.928730+00:00
90,Stefan Posch,,4.3,0.0,2026-05-27T10:27:41.928730+00:00
88,Kevin Danso,,4.3,0.0,2026-05-27T10:27:41.928730+00:00
87,Alexander Prass,,4.3,0.0,2026-05-27T10:27:41.928730+00:00
86,Philipp Lienhart,,4.3,0.0,2026-05-27T10:27:41.928730+00:00
85,David Alaba,,4.6,0.0,2026-05-27T10:27:41.928730+00:00
84,Riley McGree,,5.9,0.0,2026-05-27T10:27:41.928730+00:00
83,Ajdin Hrustic,,5.7,0.0,2026-05-27T10:27:41.928730+00:00
82,Awer Mabil,,5.6,0.0,2026-05-27T10:27:41.928730+00:00
81,Aiden O'Neill,,5.4,0.0,2026-05-27T10:27:41.928730+00:00
80,Connor Metcalfe,,5.3,0.0,2026-05-27T10:27:41.928730+00:00
79,Alex Robertson,,5.1,0.0,2026-05-27T10:27:41.928730+00:00
78,Patrick Yazbek,,4.9,0.0,2026-05-27T10:27:41.928730+00:00
77,Paul Okon,,4.7,0.0,2026-05-27T10:27:41.928730+00:00
76,Patrick Beach,,3.5,0.0,2026-05-27T10:27:41.928730+00:00
75,Paul Izzo,,3.6,0.0,2026-05-27T10:27:41.928730+00:00
74,Mathew Ryan,,4.1,0.0,2026-05-27T10:27:41.928730+00:00
73,Ante Suto,,4.0,0.0,2026-05-27T10:27:41.928730+00:00
72,Jacob Italiano,,4.2,0.0,2026-05-27T10:27:41.928730+00:00
71,Deni Juric,,4.2,0.0,2026-05-27T10:27:41.928730+00:00
70,Nishan Velupillay,,4.4,0.0,2026-05-27T10:27:41.928730+00:00
69,Martin Boyle,,5.1,0.0,2026-05-27T10:27:41.928730+00:00
68,Nestory Irankunda,,5.1,0.0,2026-05-27T10:27:41.928730+00:00
67,Lucas Herrington,,3.5,0.0,2026-05-27T10:27:41.928730+00:00
66,Kai Trewin,,3.5,0.0,2026-05-27T10:27:41.928730+00:00
65,Fran Karacic,,3.6,0.0,2026-05-27T10:27:41.928730+00:00
64,Jason Geria,,3.7,0.0,2026-05-27T10:27:41.928730+00:00
63,Aziz Behich,,3.8,0.0,2026-05-27T10:27:41.928730+00:00
62,Milos Degenek,,3.8,0.0,2026-05-27T10:27:41.928730+00:00
61,Cameron Burgess,,3.8,0.0,2026-05-27T10:27:41.928730+00:00
60,Alessandro Circati,,3.9,0.0,2026-05-27T10:27:41.928730+00:00
59,Kye Rowles,,3.9,0.0,2026-05-27T10:27:41.928730+00:00
58,Jordan Bos,,4.0,0.0,2026-05-27T10:27:41.928730+00:00
57,Enzo Fernández,,7.5,0.0,2026-05-27T10:27:41.928730+00:00
56,Alexis Mac Allister,,6.6,0.0,2026-05-27T10:27:41.928730+00:00
55,Thiago Almada,,6.5,0.0,2026-05-27T10:27:41.928730+00:00
54,Exequiel Palacios,,6.0,0.0,2026-05-27T10:27:41.928730+00:00
53,Valentín Barco,,6.2,0.0,2026-05-27T10:27:41.928730+00:00
52,Alejandro Garnacho,,5.5,0.0,2026-05-27T10:27:41.928730+00:00
51,Nico Paz,,5.9,0.0,2026-05-27T10:27:41.928730+00:00
50,Rodrigo De Paul,,5.9,0.0,2026-05-27T10:27:41.928730+00:00
49,Máximo Perrone,,5.6,0.0,2026-05-27T10:27:41.928730+00:00
48,Leandro Paredes,,5.6,0.0,2026-05-27T10:27:41.928730+00:00
47,Juan Musso,,4.3,0.0,2026-05-27T10:27:41.928730+00:00
46,Gerónimo Rulli,,4.5,0.0,2026-05-27T10:27:41.928730+00:00
45,Emiliano Martínez,,5.0,0.0,2026-05-27T10:27:41.928730+00:00
44,Franco Mastantuono,,5.8,0.0,2026-05-27T10:27:41.928730+00:00
43,José Manuel López,,5.3,0.0,2026-05-27T10:27:41.928730+00:00
42,Nico González,,5.6,0.0,2026-05-27T10:27:41.928730+00:00
41,Giuliano Simeone,,5.6,0.0,2026-05-27T10:27:41.928730+00:00
40,Gianluca Prestianni,,5.6,0.0,2026-05-27T10:27:41.928730+00:00
39,Julián Alvarez,,8.6,0.0,2026-05-27T10:27:41.928730+00:00
38,Lionel Messi,,10.0,0.0,2026-05-27T10:27:41.928730+00:00
36,Agustín Giay,,3.7,0.0,2026-05-27T10:27:41.928730+00:00
35,Gabriel Rojas,,4.0,0.0,2026-05-27T10:27:41.928730+00:00
34,Nicolás Tagliafico,,4.3,0.0,2026-05-27T10:27:41.928730+00:00
33,Lucas Martínez Quarta,,4.3,0.0,2026-05-27T10:27:41.928730+00:00
32,Marcos Acuña,,4.3,0.0,2026-05-27T10:27:41.928730+00:00
31,Nicolás Otamendi,,4.4,0.0,2026-05-27T10:27:41.928730+00:00
30,Nahuel Molina,,4.4,0.0,2026-05-27T10:27:41.928730+00:00
29,Marcos Senesi,,4.7,0.0,2026-05-27T10:27:41.928730+00:00
28,Cristian Romero,,4.9,0.0,2026-05-27T10:27:41.928730+00:00
27,Farès Chaïbi,,6.2,0.0,2026-05-27T10:27:41.928730+00:00
26,Houssem Aouar,,6.0,0.0,2026-05-27T10:27:41.928730+00:00
25,Adil Aouchiche,,5.6,0.0,2026-05-27T10:27:41.928730+00:00
24,Hicham Boudaoui,,5.5,0.0,2026-05-27T10:27:41.928730+00:00
23,Ramiz Zerrouki,,5.3,0.0,2026-05-27T10:27:41.928730+00:00
22,Yacine Titraoui,,4.7,0.0,2026-05-27T10:27:41.928730+00:00
21,Adil Boulbina,,4.0,0.0,2026-05-27T10:27:41.928730+00:00
20,Kilian Belazzoug,,3.5,0.0,2026-05-27T10:27:41.928730+00:00
19,Melvin Mastil,,3.5,0.0,2026-05-27T10:27:41.928730+00:00
18,Luca Zidane,,3.8,0.0,2026-05-27T10:27:41.928730+00:00
17,Anthony Mandréa,,3.9,0.0,2026-05-27T10:27:41.928730+00:00
16,Amin Chiakha,,4.0,0.0,2026-05-27T10:27:41.928730+00:00
15,Ahmed Benbouali,,4.2,0.0,2026-05-27T10:27:41.928730+00:00
14,Farès Ghedjemis,,4.4,0.0,2026-05-27T10:27:41.928730+00:00
13,Anis Hadj Moussa,,5.3,0.0,2026-05-27T10:27:41.928730+00:00
12,Ibrahim Maza,,5.4,0.0,2026-05-27T10:27:41.928730+00:00
11,Riyad Mahrez,,6.5,0.0,2026-05-27T10:27:41.928730+00:00
10,Amine Gouiri,,6.2,0.0,2026-05-27T10:27:41.928730+00:00
9,Mohammed Amoura,,6.2,0.0,2026-05-27T10:27:41.928730+00:00
8,Achref Abada,,3.5,0.0,2026-05-27T10:27:41.928730+00:00
7,Rafik Belghali,,3.5,0.0,2026-05-27T10:27:41.928730+00:00
6,Sohaib Nair,,3.5,0.0,2026-05-27T10:27:41.928730+00:00
5,Zinéddine Belaïd,,3.7,0.0,2026-05-27T10:27:41.928730+00:00
4,Mehdi Dorval,,3.7,0.0,2026-05-27T10:27:41.928730+00:00
3,Aïssa Mandi,,3.9,0.0,2026-05-27T10:27:41.928730+00:00
2,Ramy Bensebaini,,4.4,0.0,2026-05-27T10:27:41.928730+00:00
1,Rayan Aït-Nouri,,4.9,0.0,2026-05-27T10:27:41.928730+00:00
